,Gamma0,Gamma,eta0,eta,count,success,e1,e2,e3,e4,e5,e6,e7,e8,max_iter,min_iter,N,Jmax,alpha,gleak,ex,lk,rate,minGg,maxGg,minGo,maxGo,tol,optim,profile,Delta,runtime
89,0.0039442060594376644,0.10282257724847649,-0.0012630225799881683,-0.0035453780223062763,2706.0,1.0,-0.0,-0.08333333333333333,-0.16666666666666666,-0.25,-0.3333333333333333,-0.41666666666666663,-0.5,-0.5833333333333333,100000,30,8,0.1,1.0,0.1,0,7,0.001,1e-06,0.01,1e-07,1.0,1e-08,adamax,ramp,-0.6666666666666666,0 days 00:00:20.312098
37,3.1257158496882356e-05,0.1028225772349211,-0.0006343081869036359,-0.003545378022306274,4843.0,1.0,-0.0,-0.08333333333333333,-0.16666666666666666,-0.25,-0.3333333333333333,-0.41666666666666663,-0.5,-0.5833333333333333,100000,30,8,0.1,1.0,0.1,0,7,0.001,1e-06,0.01,1e-07,1.0,1e-08,adamax,ramp,-0.6666666666666666,0 days 00:00:20.312098
9,2.310129700083163e-06,0.10282257720290974,-0.0006267263977189737,-0.0035453780223062697,6000.0,1.0,-0.0,-0.08333333333333333,-0.16666666666666666,-0.25,-0.3333333333333333,-0.41666666666666663,-0.5,-0.5833333333333333,100000,30,8,0.1,1.0,0.1,0,7,0.001,1e-06,0.01,1e-07,1.0,1e-08,adamax,ramp,-0.6666666666666666,0 days 00:00:20.312098
11,2.782559402207126e-06,0.10282257699635357,-0.0006268511401972213,-0.003545378022306265,5917.0,1.0,-0.0,-0.08333333333333333,-0.16666666666666666,-0.25,-0.3333333333333333,-0.41666666666666663,-0.5,-0.5833333333333333,100000,30,8,0.1,1.0,0.1,0,7,0.001,1e-06,0.01,1e-07,1.0,1e-08,adamax,ramp,-0.6666666666666666,0 days 00:00:20.312098
97,0.008302175681319761,0.10282257692687799,-0.0016965670824910994,-0.003545378022306261,2379.0,1.0,-0.0,-0.08333333333333333,-0.16666666666666666,-0.25,-0.3333333333333333,-0.41666666666666663,-0.5,-0.5833333333333333,100000,30,8,0.1,1.0,0.1,0,7,0.001,1e-06,0.01,1e-07,1.0,1e-08,adamax,ramp,-0.6666666666666666,0 days 00:00:20.312098
46,7.220809018385471e-05,0.10282257689066117,-0.0006448290739371588,-0.00354537802230626,4472.0,1.0,-0.0,-0.08333333333333333,-0.16666666666666666,-0.25,-0.3333333333333333,-0.41666666666666663,-0.5,-0.5833333333333333,100000,30,8,0.1,1.0,0.1,0,7,0.001,1e-06,0.01,1e-07,1.0,1e-08,adamax,ramp,-0.6666666666666666,0 days 00:00:20.312098
25,1.023531021899027e-05,0.10282257680822042,-0.0006288145335167548,-0.003545378022306256,5338.0,1.0,-0.0,-0.08333333333333333,-0.16666666666666666,-0.25,-0.3333333333333333,-0.41666666666666663,-0.5,-0.5833333333333333,100000,30,8,0.1,1.0,0.1,0,7,0.001,1e-06,0.01,1e-07,1.0,1e-08,adamax,ramp,-0.6666666666666666,0 days 00:00:20.312098
65,0.0004229242874389499,0.10282257681870116,-0.0007270199626943094,-0.0035453780223062546,3690.0,1.0,-0.0,-0.08333333333333333,-0.16666666666666666,-0.25,-0.3333333333333333,-0.41666666666666663,-0.5,-0.5833333333333333,100000,30,8,0.1,1.0,0.1,0,7,0.001,1e-06,0.01,1e-07,1.0,1e-08,adamax,ramp,-0.6666666666666666,0 days 00:00:20.312098
57,0.000200923300256505,0.1028225767187543,-0.0006764988343390703,-0.003545378022306252,4019.0,1.0,-0.0,-0.08333333333333333,-0.16666666666666666,-0.25,-0.3333333333333333,-0.41666666666666663,-0.5,-0.5833333333333333,100000,30,8,0.1,1.0,0.1,0,7,0.001,1e-06,0.01,1e-07,1.0,1e-08,adamax,ramp,-0.6666666666666666,0 days 00:00:20.312098
51,0.0001149756995397738,0.10282257663120217,-0.0006555765373266075,-0.003545378022306249,4266.0,1.0,-0.0,-0.08333333333333333,-0.16666666666666666,-0.25,-0.3333333333333333,-0.41666666666666663,-0.5,-0.5833333333333333,100000,30,8,0.1,1.0,0.1,0,7,0.001,1e-06,0.01,1e-07,1.0,1e-08,adamax,ramp,-0.6666666666666666,0 days 00:00:20.312098
0,1e-06,0.10282257666529411,-0.0006263802875965157,-0.003545378022306249,6375.0,1.0,-0.0,-0.08333333333333333,-0.16666666666666666,-0.25,-0.3333333333333333,-0.41666666666666663,-0.5,-0.5833333333333333,100000,30,8,0.1,1.0,0.1,0,7,0.001,1e-06,0.01,1e-07,1.0,1e-08,adamax,ramp,-0.6666666666666666,0 days 00:00:20.312098
7,1.917910261672489e-06,0.10282257660332016,-0.0006266228085548632,-0.0035453780223062455,6083.0,1.0,-0.0,-0.08333333333333333,-0.16666666666666666,-0.25,-0.3333333333333333,-0.41666666666666663,-0.5,-0.5833333333333333,100000,30,8,0.1,1.0,0.1,0,7,0.001,1e-06,0.01,1e-07,1.0,1e-08,adamax,ramp,-0.6666666666666666,0 days 00:00:20.312098
90,0.004328761281083062,0.10282257654587586,-0.0013075891973175118,-0.003545378022306244,2665.0,1.0,-0.0,-0.08333333333333333,-0.16666666666666666,-0.25,-0.3333333333333333,-0.41666666666666663,-0.5,-0.5833333333333333,100000,30,8,0.1,1.0,0.1,0,7,0.001,1e-06,0.01,1e-07,1.0,1e-08,adamax,ramp,-0.6666666666666666,0 days 00:00:20.312098
41,4.534878508128582e-05,0.1028225764889043,-0.0006379549429325962,-0.0035453780223062437,4678.0,1.0,-0.0,-0.08333333333333333,-0.16666666666666666,-0.25,-0.3333333333333333,-0.41666666666666663,-0.5,-0.5833333333333333,100000,30,8,0.1,1.0,0.1,0,7,0.001,1e-06,0.01,1e-07,1.0,1e-08,adamax,ramp,-0.6666666666666666,0 days 00:00:20.312098
13,3.351602650938834e-06,0.10282257611606907,-0.0006270013479648937,-0.0035453780223062255,5834.0,1.0,-0.0,-0.08333333333333333,-0.16666666666666666,-0.25,-0.3333333333333333,-0.41666666666666663,-0.5,-0.5833333333333333,100000,30,8,0.1,1.0,0.1,0,7,0.001,1e-06,0.01,1e-07,1.0,1e-08,adamax,ramp,-0.6666666666666666,0 days 00:00:20.312098
64,0.00038535285937105315,0.10282257605638796,-0.0007187840714915688,-0.003545378022306223,3731.0,1.0,-0.0,-0.08333333333333333,-0.16666666666666666,-0.25,-0.3333333333333333,-0.41666666666666663,-0.5,-0.5833333333333333,100000,30,8,0.1,1.0,0.1,0,7,0.001,1e-06,0.01,1e-07,1.0,1e-08,adamax,ramp,-0.6666666666666666,0 days 00:00:20.312098
91,0.004750810162102803,0.10282257577541051,-0.0013547264061862837,-0.0035453780223062116,2624.0,1.0,-0.0,-0.08333333333333333,-0.16666666666666666,-0.25,-0.3333333333333333,-0.41666666666666663,-0.5,-0.5833333333333333,100000,30,8,0.1,1.0,0.1,0,7,0.001,1e-06,0.01,1e-07,1.0,1e-08,adamax,ramp,-0.6666666666666666,0 days 00:00:20.312098
32,1.9630406500402726e-05,0.10282257574103404,-0.000631277790055991,-0.0035453780223062103,5049.0,1.0,-0.0,-0.08333333333333333,-0.16666666666666666,-0.25,-0.3333333333333333,-0.41666666666666663,-0.5,-0.5833333333333333,100000,30,8,0.1,1.0,0.1,0,7,0.001,1e-06,0.01,1e-07,1.0,1e-08,adamax,ramp,-0.6666666666666666,0 days 00:00:20.312098
1,1.0974987654930568e-06,0.10282257561550535,-0.0006264060538222841,-0.003545378022306207,6333.0,1.0,-0.0,-0.08333333333333333,-0.16666666666666666,-0.25,-0.3333333333333333,-0.41666666666666663,-0.5,-0.5833333333333333,100000,30,8,0.1,1.0,0.1,0,7,0.001,1e-06,0.01,1e-07,1.0,1e-08,adamax,ramp,-0.6666666666666666,0 days 00:00:20.312098
56,0.00018307382802953696,0.10282257555350467,-0.0006722237675296172,-0.0035453780223062034,4060.0,1.0,-0.0,-0.08333333333333333,-0.16666666666666666,-0.25,-0.3333333333333333,-0.41666666666666663,-0.5,-0.5833333333333333,100000,30,8,0.1,1.0,0.1,0,7,0.001,1e-06,0.01,1e-07,1.0,1e-08,adamax,ramp,-0.6666666666666666,0 days 00:00:20.312098
28,1.3530477745798076e-05,0.10282257550890134,-0.0006296799716505175,-0.0035453780223062012,5214.0,1.0,-0.0,-0.08333333333333333,-0.16666666666666666,-0.25,-0.3333333333333333,-0.41666666666666663,-0.5,-0.5833333333333333,100000,30,8,0.1,1.0,0.1,0,7,0.001,1e-06,0.01,1e-07,1.0,1e-08,adamax,ramp,-0.6666666666666666,0 days 00:00:20.312098
36,2.848035868435799e-05,0.10282257549161593,-0.0006335862284207409,-0.0035453780223062,4884.0,1.0,-0.0,-0.08333333333333333,-0.16666666666666666,-0.25,-0.3333333333333333,-0.41666666666666663,-0.5,-0.5833333333333333,100000,30,8,0.1,1.0,0.1,0,7,0.001,1e-06,0.01,1e-07,1.0,1e-08,adamax,ramp,-0.6666666666666666,0 days 00:00:20.312098
98,0.009111627561154906,0.10282257550266226,-0.0017640266990857302,-0.003545378022306199,2338.0,1.0,-0.0,-0.08333333333333333,-0.16666666666666666,-0.25,-0.3333333333333333,-0.41666666666666663,-0.5,-0.5833333333333333,100000,30,8,0.1,1.0,0.1,0,7,0.001,1e-06,0.01,1e-07,1.0,1e-08,adamax,ramp,-0.6666666666666666,0 days 00:00:20.312098
18,5.336699231206323e-06,0.10282257540879504,-0.0006275249607394416,-0.0035453780223061986,5627.0,1.0,-0.0,-0.08333333333333333,-0.16666666666666666,-0.25,-0.3333333333333333,-0.41666666666666663,-0.5,-0.5833333333333333,100000,30,8,0.1,1.0,0.1,0,7,0.001,1e-06,0.01,1e-07,1.0,1e-08,adamax,ramp,-0.6666666666666666,0 days 00:00:20.312098
45,6.579332246575683e-05,0.10282257536186172,-0.0006431963050710928,-0.0035453780223061934,4513.0,1.0,-0.0,-0.08333333333333333,-0.16666666666666666,-0.25,-0.3333333333333333,-0.41666666666666663,-0.5,-0.5833333333333333,100000,30,8,0.1,1.0,0.1,0,7,0.001,1e-06,0.01,1e-07,1.0,1e-08,adamax,ramp,-0.6666666666666666,0 days 00:00:20.312098
21,7.05480231071866e-06,0.1028225753388649,-0.0006279776672985164,-0.003545378022306193,5503.0,1.0,-0.0,-0.08333333333333333,-0.16666666666666666,-0.25,-0.3333333333333333,-0.41666666666666663,-0.5,-0.5833333333333333,100000,30,8,0.1,1.0,0.1,0,7,0.001,1e-06,0.01,1e-07,1.0,1e-08,adamax,ramp,-0.6666666666666666,0 days 00:00:20.312098
50,0.00010476157527896651,0.10282257524432949,-0.0006530311264973062,-0.0035453780223061895,4307.0,1.0,-0.0,-0.08333333333333333,-0.16666666666666666,-0.25,-0.3333333333333333,-0.41666666666666663,-0.5,-0.5833333333333333,100000,30,8,0.1,1.0,0.1,0,7,0.001,1e-06,0.01,1e-07,1.0,1e-08,adamax,ramp,-0.6666666666666666,0 days 00:00:20.312098
63,0.0003511191734215135,0.10282257523677502,-0.000711175628690096,-0.0035453780223061887,3772.0,1.0,-0.0,-0.08333333333333333,-0.16666666666666666,-0.25,-0.3333333333333333,-0.41666666666666663,-0.5,-0.5833333333333333,100000,30,8,0.1,1.0,0.1,0,7,0.001,1e-06,0.01,1e-07,1.0,1e-08,adamax,ramp,-0.6666666666666666,0 days 00:00:20.312098
5,1.5922827933410906e-06,0.102822575028258,-0.0006265367892375521,-0.0035453780223061817,6166.0,1.0,-0.0,-0.08333333333333333,-0.16666666666666666,-0.25,-0.3333333333333333,-0.41666666666666663,-0.5,-0.5833333333333333,100000,30,8,0.1,1.0,0.1,0,7,0.001,1e-06,0.01,1e-07,1.0,1e-08,adamax,ramp,-0.6666666666666666,0 days 00:00:20.312098
92,0.005214008287999695,0.10282257493383319,-0.001404531383835837,-0.0035453780223061756,2583.0,1.0,-0.0,-0.08333333333333333,-0.16666666666666666,-0.25,-0.3333333333333333,-0.41666666666666663,-0.5,-0.5833333333333333,100000,30,8,0.1,1.0,0.1,0,7,0.001,1e-06,0.01,1e-07,1.0,1e-08,adamax,ramp,-0.6666666666666666,0 days 00:00:20.312098
40,4.132012400115343e-05,0.1028225748381037,-0.0006369152508165772,-0.0035453780223061713,4719.0,1.0,-0.0,-0.08333333333333333,-0.16666666666666666,-0.25,-0.3333333333333333,-0.41666666666666663,-0.5,-0.5833333333333333,100000,30,8,0.1,1.0,0.1,0,7,0.001,1e-06,0.01,1e-07,1.0,1e-08,adamax,ramp,-0.6666666666666666,0 days 00:00:20.312098
15,4.037017258596558e-06,0.10282257467434247,-0.0006271822085510812,-0.0035453780223061687,5751.0,1.0,-0.0,-0.08333333333333333,-0.16666666666666666,-0.25,-0.3333333333333333,-0.41666666666666663,-0.5,-0.5833333333333333,100000,30,8,0.1,1.0,0.1,0,7,0.001,1e-06,0.01,1e-07,1.0,1e-08,adamax,ramp,-0.6666666666666666,0 days 00:00:20.312098
24,9.326033468832218e-06,0.10282257465164554,-0.0006285754365088112,-0.0035453780223061652,5379.0,1.0,-0.0,-0.08333333333333333,-0.16666666666666666,-0.25,-0.3333333333333333,-0.41666666666666663,-0.5,-0.5833333333333333,100000,30,8,0.1,1.0,0.1,0,7,0.001,1e-06,0.01,1e-07,1.0,1e-08,adamax,ramp,-0.6666666666666666,0 days 00:00:20.312098
62,0.00031992671377973844,0.1028225743613112,-0.0007041527080771464,-0.0035453780223061527,3813.0,1.0,-0.0,-0.08333333333333333,-0.16666666666666666,-0.25,-0.3333333333333333,-0.41666666666666663,-0.5,-0.5833333333333333,100000,30,8,0.1,1.0,0.1,0,7,0.001,1e-06,0.01,1e-07,1.0,1e-08,adamax,ramp,-0.6666666666666666,0 days 00:00:20.312098
55,0.0001668100537200059,0.10282257434519984,-0.0006682973676657893,-0.0035453780223061527,4101.0,1.0,-0.0,-0.08333333333333333,-0.16666666666666666,-0.25,-0.3333333333333333,-0.41666666666666663,-0.5,-0.5833333333333333,100000,30,8,0.1,1.0,0.1,0,7,0.001,1e-06,0.01,1e-07,1.0,1e-08,adamax,ramp,-0.6666666666666666,0 days 00:00:20.312098
2,1.204503540258781e-06,0.1028225741401936,-0.0006264343305567838,-0.0035453780223061435,6291.0,1.0,-0.0,-0.08333333333333333,-0.16666666666666666,-0.25,-0.3333333333333333,-0.41666666666666663,-0.5,-0.5833333333333333,100000,30,8,0.1,1.0,0.1,0,7,0.001,1e-06,0.01,1e-07,1.0,1e-08,adamax,ramp,-0.6666666666666666,0 days 00:00:20.312098
93,0.00572236765935022,0.10282257401543303,-0.0014570973048345659,-0.0035453780223061366,2542.0,1.0,-0.0,-0.08333333333333333,-0.16666666666666666,-0.25,-0.3333333333333333,-0.41666666666666663,-0.5,-0.5833333333333333,100000,30,8,0.1,1.0,0.1,0,7,0.001,1e-06,0.01,1e-07,1.0,1e-08,adamax,ramp,-0.6666666666666666,0 days 00:00:20.312098
99,0.010000000000000005,0.1028225739373218,-0.0018345745305991,-0.003545378022306133,2297.0,1.0,-0.0,-0.08333333333333333,-0.16666666666666666,-0.25,-0.3333333333333333,-0.41666666666666663,-0.5,-0.5833333333333333,100000,30,8,0.1,1.0,0.1,0,7,0.001,1e-06,0.01,1e-07,1.0,1e-08,adamax,ramp,-0.6666666666666666,0 days 00:00:20.312098
31,1.788649529057435e-05,0.1028225738576125,-0.0006308215508939206,-0.0035453780223061297,5090.0,1.0,-0.0,-0.08333333333333333,-0.16666666666666666,-0.25,-0.3333333333333333,-0.41666666666666663,-0.5,-0.5833333333333333,100000,30,8,0.1,1.0,0.1,0,7,0.001,1e-06,0.01,1e-07,1.0,1e-08,adamax,ramp,-0.6666666666666666,0 days 00:00:20.312098
49,9.545484566618347e-05,0.10282257382438378,-0.000650700306605334,-0.0035453780223061297,4348.0,1.0,-0.0,-0.08333333333333333,-0.16666666666666666,-0.25,-0.3333333333333333,-0.41666666666666663,-0.5,-0.5833333333333333,100000,30,8,0.1,1.0,0.1,0,7,0.001,1e-06,0.01,1e-07,1.0,1e-08,adamax,ramp,-0.6666666666666666,0 days 00:00:20.312098
44,5.994842503189409e-05,0.10282257380521803,-0.0006417037273679907,-0.0035453780223061284,4554.0,1.0,-0.0,-0.08333333333333333,-0.16666666666666666,-0.25,-0.3333333333333333,-0.41666666666666663,-0.5,-0.5833333333333333,100000,30,8,0.1,1.0,0.1,0,7,0.001,1e-06,0.01,1e-07,1.0,1e-08,adamax,ramp,-0.6666666666666666,0 days 00:00:20.312098
77,0.0012915496650148853,0.10282257375407199,-0.000893090031199037,-0.003545378022306127,3197.0,1.0,-0.0,-0.08333333333333333,-0.16666666666666666,-0.25,-0.3333333333333333,-0.41666666666666663,-0.5,-0.5833333333333333,100000,30,8,0.1,1.0,0.1,0,7,0.001,1e-06,0.01,1e-07,1.0,1e-08,adamax,ramp,-0.6666666666666666,0 days 00:00:20.312098
76,0.0011768119524349992,0.10282257372080625,-0.0008732359724014299,-0.003545378022306126,3238.0,1.0,-0.0,-0.08333333333333333,-0.16666666666666666,-0.25,-0.3333333333333333,-0.41666666666666663,-0.5,-0.5833333333333333,100000,30,8,0.1,1.0,0.1,0,7,0.001,1e-06,0.01,1e-07,1.0,1e-08,adamax,ramp,-0.6666666666666666,0 days 00:00:20.312098
78,0.0014174741629268076,0.10282257372856131,-0.0009143266761270996,-0.003545378022306125,3156.0,1.0,-0.0,-0.08333333333333333,-0.16666666666666666,-0.25,-0.3333333333333333,-0.41666666666666663,-0.5,-0.5833333333333333,100000,30,8,0.1,1.0,0.1,0,7,0.001,1e-06,0.01,1e-07,1.0,1e-08,adamax,ramp,-0.6666666666666666,0 days 00:00:20.312098
35,2.5950242113997373e-05,0.10282257371874955,-0.0006329274342395806,-0.003545378022306125,4925.0,1.0,-0.0,-0.08333333333333333,-0.16666666666666666,-0.25,-0.3333333333333333,-0.41666666666666663,-0.5,-0.5833333333333333,100000,30,8,0.1,1.0,0.1,0,7,0.001,1e-06,0.01,1e-07,1.0,1e-08,adamax,ramp,-0.6666666666666666,0 days 00:00:20.312098
79,0.0015556761439304723,0.10282257364522027,-0.0009370220886263692,-0.0035453780223061206,3115.0,1.0,-0.0,-0.08333333333333333,-0.16666666666666666,-0.25,-0.3333333333333333,-0.41666666666666663,-0.5,-0.5833333333333333,100000,30,8,0.1,1.0,0.1,0,7,0.001,1e-06,0.01,1e-07,1.0,1e-08,adamax,ramp,-0.6666666666666666,0 days 00:00:20.312098
75,0.0010722672220103253,0.10282257362784006,-0.00085469117285918,-0.00354537802230612,3279.0,1.0,-0.0,-0.08333333333333333,-0.16666666666666666,-0.25,-0.3333333333333333,-0.41666666666666663,-0.5,-0.5833333333333333,100000,30,8,0.1,1.0,0.1,0,7,0.001,1e-06,0.01,1e-07,1.0,1e-08,adamax,ramp,-0.6666666666666666,0 days 00:00:20.312098
74,0.0009770099572992267,0.10282257347431943,-0.0008373850920598864,-0.0035453780223061145,3320.0,1.0,-0.0,-0.08333333333333333,-0.16666666666666666,-0.25,-0.3333333333333333,-0.41666666666666663,-0.5,-0.5833333333333333,100000,30,8,0.1,1.0,0.1,0,7,0.001,1e-06,0.01,1e-07,1.0,1e-08,adamax,ramp,-0.6666666666666666,0 days 00:00:20.312098
10,2.535364493970106e-06,0.10282257344441421,-0.0006267858739627701,-0.0035453780223061136,5958.0,1.0,-0.0,-0.08333333333333333,-0.16666666666666666,-0.25,-0.3333333333333333,-0.41666666666666663,-0.5,-0.5833333333333333,100000,30,8,0.1,1.0,0.1,0,7,0.001,1e-06,0.01,1e-07,1.0,1e-08,adamax,ramp,-0.6666666666666666,0 days 00:00:20.312098
80,0.001707352647470694,0.10282257350496447,-0.0009612553606189475,-0.0035453780223061136,3074.0,1.0,-0.0,-0.08333333333333333,-0.16666666666666666,-0.25,-0.3333333333333333,-0.41666666666666663,-0.5,-0.5833333333333333,100000,30,8,0.1,1.0,0.1,0,7,0.001,1e-06,0.01,1e-07,1.0,1e-08,adamax,ramp,-0.6666666666666666,0 days 00:00:20.312098
27,1.2328467394420684e-05,0.10282257348491473,-0.0006293644651320412,-0.003545378022306113,5255.0,1.0,-0.0,-0.08333333333333333,-0.16666666666666666,-0.25,-0.3333333333333333,-0.41666666666666663,-0.5,-0.5833333333333333,100000,30,8,0.1,1.0,0.1,0,7,0.001,1e-06,0.01,1e-07,1.0,1e-08,adamax,ramp,-0.6666666666666666,0 days 00:00:20.312098
61,0.00029150530628251786,0.10282257343158058,-0.0006976754910995087,-0.003545378022306111,3854.0,1.0,-0.0,-0.08333333333333333,-0.16666666666666666,-0.25,-0.3333333333333333,-0.41666666666666663,-0.5,-0.5833333333333333,100000,30,8,0.1,1.0,0.1,0,7,0.001,1e-06,0.01,1e-07,1.0,1e-08,adamax,ramp,-0.6666666666666666,0 days 00:00:20.312098
81,0.0018738174228603867,0.10282257330862268,-0.0009871085303405985,-0.003545378022306109,3033.0,1.0,-0.0,-0.08333333333333333,-0.16666666666666666,-0.25,-0.3333333333333333,-0.41666666666666663,-0.5,-0.5833333333333333,100000,30,8,0.1,1.0,0.1,0,7,0.001,1e-06,0.01,1e-07,1.0,1e-08,adamax,ramp,-0.6666666666666666,0 days 00:00:20.312098
73,0.0008902150854450393,0.10282257325950345,-0.0008212499016279714,-0.0035453780223061067,3361.0,1.0,-0.0,-0.08333333333333333,-0.16666666666666666,-0.25,-0.3333333333333333,-0.41666666666666663,-0.5,-0.5833333333333333,100000,30,8,0.1,1.0,0.1,0,7,0.001,1e-06,0.01,1e-07,1.0,1e-08,adamax,ramp,-0.6666666666666666,0 days 00:00:20.312098
8,2.1049041445120176e-06,0.10282257326590355,-0.0006266721984683356,-0.0035453780223061067,6041.0,1.0,-0.0,-0.08333333333333333,-0.16666666666666666,-0.25,-0.3333333333333333,-0.41666666666666663,-0.5,-0.5833333333333333,100000,30,8,0.1,1.0,0.1,0,7,0.001,1e-06,0.01,1e-07,1.0,1e-08,adamax,ramp,-0.6666666666666666,0 days 00:00:20.312098
54,0.00015199110829529363,0.10282257309564784,-0.0006646932907634879,-0.0035453780223061028,4142.0,1.0,-0.0,-0.08333333333333333,-0.16666666666666666,-0.25,-0.3333333333333333,-0.41666666666666663,-0.5,-0.5833333333333333,100000,30,8,0.1,1.0,0.1,0,7,0.001,1e-06,0.01,1e-07,1.0,1e-08,adamax,ramp,-0.6666666666666666,0 days 00:00:20.312098
39,3.7649358067924715e-05,0.1028225731609549,-0.000635965921529117,-0.0035453780223061006,4760.0,1.0,-0.0,-0.08333333333333333,-0.16666666666666666,-0.25,-0.3333333333333333,-0.41666666666666663,-0.5,-0.5833333333333333,100000,30,8,0.1,1.0,0.1,0,7,0.001,1e-06,0.01,1e-07,1.0,1e-08,adamax,ramp,-0.6666666666666666,0 days 00:00:20.312098
82,0.0020565123083486556,0.10282257305687754,-0.0010146665886251738,-0.0035453780223060997,2992.0,1.0,-0.0,-0.08333333333333333,-0.16666666666666666,-0.25,-0.3333333333333333,-0.41666666666666663,-0.5,-0.5833333333333333,100000,30,8,0.1,1.0,0.1,0,7,0.001,1e-06,0.01,1e-07,1.0,1e-08,adamax,ramp,-0.6666666666666666,0 days 00:00:20.312098
94,0.006280291441834266,0.10282257301332084,-0.0015125113013867272,-0.003545378022306096,2501.0,1.0,-0.0,-0.08333333333333333,-0.16666666666666666,-0.25,-0.3333333333333333,-0.41666666666666663,-0.5,-0.5833333333333333,100000,30,8,0.1,1.0,0.1,0,7,0.001,1e-06,0.01,1e-07,1.0,1e-08,adamax,ramp,-0.6666666666666666,0 days 00:00:20.312098
72,0.0008111308307896872,0.10282257298280095,-0.0008062204099309571,-0.0035453780223060924,3402.0,1.0,-0.0,-0.08333333333333333,-0.16666666666666666,-0.25,-0.3333333333333333,-0.41666666666666663,-0.5,-0.5833333333333333,100000,30,8,0.1,1.0,0.1,0,7,0.001,1e-06,0.01,1e-07,1.0,1e-08,adamax,ramp,-0.6666666666666666,0 days 00:00:20.312098
20,6.4280731172843194e-06,0.10282257293742891,-0.000627812580710625,-0.0035453780223060924,5544.0,1.0,-0.0,-0.08333333333333333,-0.16666666666666666,-0.25,-0.3333333333333333,-0.41666666666666663,-0.5,-0.5833333333333333,100000,30,8,0.1,1.0,0.1,0,7,0.001,1e-06,0.01,1e-07,1.0,1e-08,adamax,ramp,-0.6666666666666666,0 days 00:00:20.312098
12,3.0538555088334187e-06,0.10282257288292987,-0.0006269227591302845,-0.003545378022306089,5875.0,1.0,-0.0,-0.08333333333333333,-0.16666666666666666,-0.25,-0.3333333333333333,-0.41666666666666663,-0.5,-0.5833333333333333,100000,30,8,0.1,1.0,0.1,0,7,0.001,1e-06,0.01,1e-07,1.0,1e-08,adamax,ramp,-0.6666666666666666,0 days 00:00:20.312098
17,4.862601580065354e-06,0.10282257276241215,-0.0006273999612922171,-0.0035453780223060854,5668.0,1.0,-0.0,-0.08333333333333333,-0.16666666666666666,-0.25,-0.3333333333333333,-0.41666666666666663,-0.5,-0.5833333333333333,100000,30,8,0.1,1.0,0.1,0,7,0.001,1e-06,0.01,1e-07,1.0,1e-08,adamax,ramp,-0.6666666666666666,0 days 00:00:20.312098
83,0.0022570197196339213,0.10282257275020369,-0.001044017444348309,-0.003545378022306084,2951.0,1.0,-0.0,-0.08333333333333333,-0.16666666666666666,-0.25,-0.3333333333333333,-0.41666666666666663,-0.5,-0.5833333333333333,100000,30,8,0.1,1.0,0.1,0,7,0.001,1e-06,0.01,1e-07,1.0,1e-08,adamax,ramp,-0.6666666666666666,0 days 00:00:20.312098
71,0.000739072203352579,0.1028225726438013,-0.0007922339890840534,-0.00354537802230608,3443.0,1.0,-0.0,-0.08333333333333333,-0.16666666666666666,-0.25,-0.3333333333333333,-0.41666666666666663,-0.5,-0.5833333333333333,100000,30,8,0.1,1.0,0.1,0,7,0.001,1e-06,0.01,1e-07,1.0,1e-08,adamax,ramp,-0.6666666666666666,0 days 00:00:20.312098
60,0.0002656087782946689,0.1028225724492762,-0.0006917062289450632,-0.003545378022306072,3895.0,1.0,-0.0,-0.08333333333333333,-0.16666666666666666,-0.25,-0.3333333333333333,-0.41666666666666663,-0.5,-0.5833333333333333,100000,30,8,0.1,1.0,0.1,0,7,0.001,1e-06,0.01,1e-07,1.0,1e-08,adamax,ramp,-0.6666666666666666,0 days 00:00:20.312098
23,8.497534359086456e-06,0.10282257243719982,-0.0006283574722368059,-0.0035453780223060707,5420.0,1.0,-0.0,-0.08333333333333333,-0.16666666666666666,-0.25,-0.3333333333333333,-0.41666666666666663,-0.5,-0.5833333333333333,100000,30,8,0.1,1.0,0.1,0,7,0.001,1e-06,0.01,1e-07,1.0,1e-08,adamax,ramp,-0.6666666666666666,0 days 00:00:20.312098
48,8.697490026177834e-05,0.10282257237263687,-0.000648566823518444,-0.0035453780223060672,4389.0,1.0,-0.0,-0.08333333333333333,-0.16666666666666666,-0.25,-0.3333333333333333,-0.41666666666666663,-0.5,-0.5833333333333333,100000,30,8,0.1,1.0,0.1,0,7,0.001,1e-06,0.01,1e-07,1.0,1e-08,adamax,ramp,-0.6666666666666666,0 days 00:00:20.312098
84,0.002477076355991714,0.1028225723888028,-0.0010752518357124697,-0.003545378022306067,2910.0,1.0,-0.0,-0.08333333333333333,-0.16666666666666666,-0.25,-0.3333333333333333,-0.41666666666666663,-0.5,-0.5833333333333333,100000,30,8,0.1,1.0,0.1,0,7,0.001,1e-06,0.01,1e-07,1.0,1e-08,adamax,ramp,-0.6666666666666666,0 days 00:00:20.312098
3,1.3219411484660288e-06,0.10282257227510738,-0.0006264653622311193,-0.0035453780223060638,6249.0,1.0,-0.0,-0.08333333333333333,-0.16666666666666666,-0.25,-0.3333333333333333,-0.41666666666666663,-0.5,-0.5833333333333333,100000,30,8,0.1,1.0,0.1,0,7,0.001,1e-06,0.01,1e-07,1.0,1e-08,adamax,ramp,-0.6666666666666666,0 days 00:00:20.312098
43,5.462277217684348e-05,0.10282257222131341,-0.0006403396706684962,-0.0035453780223060616,4595.0,1.0,-0.0,-0.08333333333333333,-0.16666666666666666,-0.25,-0.3333333333333333,-0.41666666666666663,-0.5,-0.5833333333333333,100000,30,8,0.1,1.0,0.1,0,7,0.001,1e-06,0.01,1e-07,1.0,1e-08,adamax,ramp,-0.6666666666666666,0 days 00:00:20.312098
70,0.0006734150657750835,0.10282257224229677,-0.0007792305067556898,-0.0035453780223060603,3484.0,1.0,-0.0,-0.08333333333333333,-0.16666666666666666,-0.25,-0.3333333333333333,-0.41666666666666663,-0.5,-0.5833333333333333,100000,30,8,0.1,1.0,0.1,0,7,0.001,1e-06,0.01,1e-07,1.0,1e-08,adamax,ramp,-0.6666666666666666,0 days 00:00:20.312098
6,1.747528400007683e-06,0.1028225721967523,-0.0006265778016751884,-0.00354537802230606,6124.0,1.0,-0.0,-0.08333333333333333,-0.16666666666666666,-0.25,-0.3333333333333333,-0.41666666666666663,-0.5,-0.5833333333333333,100000,30,8,0.1,1.0,0.1,0,7,0.001,1e-06,0.01,1e-07,1.0,1e-08,adamax,ramp,-0.6666666666666666,0 days 00:00:20.312098
30,1.629750834620647e-05,0.10282257193878414,-0.0006304054517473086,-0.003545378022306051,5131.0,1.0,-0.0,-0.08333333333333333,-0.16666666666666666,-0.25,-0.3333333333333333,-0.41666666666666663,-0.5,-0.5833333333333333,100000,30,8,0.1,1.0,0.1,0,7,0.001,1e-06,0.01,1e-07,1.0,1e-08,adamax,ramp,-0.6666666666666666,0 days 00:00:20.312098
85,0.002718588242732946,0.102822571972538,-0.0011084631717880524,-0.00354537802230605,2869.0,1.0,-0.0,-0.08333333333333333,-0.16666666666666666,-0.25,-0.3333333333333333,-0.41666666666666663,-0.5,-0.5833333333333333,100000,30,8,0.1,1.0,0.1,0,7,0.001,1e-06,0.01,1e-07,1.0,1e-08,adamax,ramp,-0.6666666666666666,0 days 00:00:20.312098
95,0.00689261210434971,0.1028225719192726,-0.0015708519941304254,-0.0035453780223060477,2460.0,1.0,-0.0,-0.08333333333333333,-0.16666666666666666,-0.25,-0.3333333333333333,-0.41666666666666663,-0.5,-0.5833333333333333,100000,30,8,0.1,1.0,0.1,0,7,0.001,1e-06,0.01,1e-07,1.0,1e-08,adamax,ramp,-0.6666666666666666,0 days 00:00:20.312098
34,2.3644894126454072e-05,0.10282257191664002,-0.0006323263544361345,-0.0035453780223060464,4966.0,1.0,-0.0,-0.08333333333333333,-0.16666666666666666,-0.25,-0.3333333333333333,-0.41666666666666663,-0.5,-0.5833333333333333,100000,30,8,0.1,1.0,0.1,0,7,0.001,1e-06,0.01,1e-07,1.0,1e-08,adamax,ramp,-0.6666666666666666,0 days 00:00:20.312098
53,0.00013848863713938718,0.10282257180660405,-0.0006613868858059036,-0.003545378022306043,4183.0,1.0,-0.0,-0.08333333333333333,-0.16666666666666666,-0.25,-0.3333333333333333,-0.41666666666666663,-0.5,-0.5833333333333333,100000,30,8,0.1,1.0,0.1,0,7,0.001,1e-06,0.01,1e-07,1.0,1e-08,adamax,ramp,-0.6666666666666666,0 days 00:00:20.312098
69,0.0006135907273413176,0.1028225717783008,-0.0007671522641484337,-0.0035453780223060425,3525.0,1.0,-0.0,-0.08333333333333333,-0.16666666666666666,-0.25,-0.3333333333333333,-0.41666666666666663,-0.5,-0.5833333333333333,100000,30,8,0.1,1.0,0.1,0,7,0.001,1e-06,0.01,1e-07,1.0,1e-08,adamax,ramp,-0.6666666666666666,0 days 00:00:20.312098
14,3.6783797718286343e-06,0.10282257170475442,-0.0006270875836373086,-0.003545378022306038,5792.0,1.0,-0.0,-0.08333333333333333,-0.16666666666666666,-0.25,-0.3333333333333333,-0.41666666666666663,-0.5,-0.5833333333333333,100000,30,8,0.1,1.0,0.1,0,7,0.001,1e-06,0.01,1e-07,1.0,1e-08,adamax,ramp,-0.6666666666666666,0 days 00:00:20.312098
86,0.0029836472402833404,0.10282257150086385,-0.0011437472861630129,-0.0035453780223060304,2828.0,1.0,-0.0,-0.08333333333333333,-0.16666666666666666,-0.25,-0.3333333333333333,-0.41666666666666663,-0.5,-0.5833333333333333,100000,30,8,0.1,1.0,0.1,0,7,0.001,1e-06,0.01,1e-07,1.0,1e-08,adamax,ramp,-0.6666666666666666,0 days 00:00:20.312098
38,3.4304692863149194e-05,0.10282257145722588,-0.0006350992562653938,-0.0035453780223060278,4801.0,1.0,-0.0,-0.08333333333333333,-0.16666666666666666,-0.25,-0.3333333333333333,-0.41666666666666663,-0.5,-0.5833333333333333,100000,30,8,0.1,1.0,0.1,0,7,0.001,1e-06,0.01,1e-07,1.0,1e-08,adamax,ramp,-0.6666666666666666,0 days 00:00:20.312098
26,1.1233240329780288e-05,0.10282257141485789,-0.0006290767996793171,-0.0035453780223060278,5296.0,1.0,-0.0,-0.08333333333333333,-0.16666666666666666,-0.25,-0.3333333333333333,-0.41666666666666663,-0.5,-0.5833333333333333,100000,30,8,0.1,1.0,0.1,0,7,0.001,1e-06,0.01,1e-07,1.0,1e-08,adamax,ramp,-0.6666666666666666,0 days 00:00:20.312098
59,0.00024201282647943835,0.10282257141617451,-0.0006862092012660785,-0.003545378022306027,3936.0,1.0,-0.0,-0.08333333333333333,-0.16666666666666666,-0.25,-0.3333333333333333,-0.41666666666666663,-0.5,-0.5833333333333333,100000,30,8,0.1,1.0,0.1,0,7,0.001,1e-06,0.01,1e-07,1.0,1e-08,adamax,ramp,-0.6666666666666666,0 days 00:00:20.312098
68,0.0005590810182512235,0.10282257125205498,-0.0007559439406489952,-0.00354537802230602,3566.0,1.0,-0.0,-0.08333333333333333,-0.16666666666666666,-0.25,-0.3333333333333333,-0.41666666666666663,-0.5,-0.5833333333333333,100000,30,8,0.1,1.0,0.1,0,7,0.001,1e-06,0.01,1e-07,1.0,1e-08,adamax,ramp,-0.6666666666666666,0 days 00:00:20.312098
87,0.003274549162877735,0.10282257097275439,-0.0011812020816409571,-0.003545378022306008,2787.0,1.0,-0.0,-0.08333333333333333,-0.16666666666666666,-0.25,-0.3333333333333333,-0.41666666666666663,-0.5,-0.5833333333333333,100000,30,8,0.1,1.0,0.1,0,7,0.001,1e-06,0.01,1e-07,1.0,1e-08,adamax,ramp,-0.6666666666666666,0 days 00:00:20.312098
47,7.924828983539186e-05,0.10282257089023712,-0.0006466146821918647,-0.0035453780223060043,4430.0,1.0,-0.0,-0.08333333333333333,-0.16666666666666666,-0.25,-0.3333333333333333,-0.41666666666666663,-0.5,-0.5833333333333333,100000,30,8,0.1,1.0,0.1,0,7,0.001,1e-06,0.01,1e-07,1.0,1e-08,adamax,ramp,-0.6666666666666666,0 days 00:00:20.312098
96,0.007564633275546291,0.10282257072355175,-0.0016321865325689495,-0.0035453780223059987,2419.0,1.0,-0.0,-0.08333333333333333,-0.16666666666666666,-0.25,-0.3333333333333333,-0.41666666666666663,-0.5,-0.5833333333333333,100000,30,8,0.1,1.0,0.1,0,7,0.001,1e-06,0.01,1e-07,1.0,1e-08,adamax,ramp,-0.6666666666666666,0 days 00:00:20.312098
67,0.0005094138014816386,0.10282257066403254,-0.0007455525449181577,-0.0035453780223059974,3607.0,1.0,-0.0,-0.08333333333333333,-0.16666666666666666,-0.25,-0.3333333333333333,-0.41666666666666663,-0.5,-0.5833333333333333,100000,30,8,0.1,1.0,0.1,0,7,0.001,1e-06,0.01,1e-07,1.0,1e-08,adamax,ramp,-0.6666666666666666,0 days 00:00:20.312098
42,4.977023564332114e-05,0.10282257061057934,-0.000639093377929212,-0.0035453780223059918,4636.0,1.0,-0.0,-0.08333333333333333,-0.16666666666666666,-0.25,-0.3333333333333333,-0.41666666666666663,-0.5,-0.5833333333333333,100000,30,8,0.1,1.0,0.1,0,7,0.001,1e-06,0.01,1e-07,1.0,1e-08,adamax,ramp,-0.6666666666666666,0 days 00:00:20.312098
52,0.0001261856883066021,0.10282257047975536,-0.0006583551259316584,-0.0035453780223059853,4224.0,1.0,-0.0,-0.08333333333333333,-0.16666666666666666,-0.25,-0.3333333333333333,-0.41666666666666663,-0.5,-0.5833333333333333,100000,30,8,0.1,1.0,0.1,0,7,0.001,1e-06,0.01,1e-07,1.0,1e-08,adamax,ramp,-0.6666666666666666,0 days 00:00:20.312098
19,5.857020818056661e-06,0.10282257045520435,-0.0006276621083840226,-0.0035453780223059853,5585.0,1.0,-0.0,-0.08333333333333333,-0.16666666666666666,-0.25,-0.3333333333333333,-0.41666666666666663,-0.5,-0.5833333333333333,100000,30,8,0.1,1.0,0.1,0,7,0.001,1e-06,0.01,1e-07,1.0,1e-08,adamax,ramp,-0.6666666666666666,0 days 00:00:20.312098
88,0.003593813663804633,0.10282257038662714,-0.0012209270416144874,-0.0035453780223059814,2746.0,1.0,-0.0,-0.08333333333333333,-0.16666666666666666,-0.25,-0.3333333333333333,-0.41666666666666663,-0.5,-0.5833333333333333,100000,30,8,0.1,1.0,0.1,0,7,0.001,1e-06,0.01,1e-07,1.0,1e-08,adamax,ramp,-0.6666666666666666,0 days 00:00:20.312098
58,0.00022051307399030456,0.10282257033410883,-0.0006811506709152867,-0.003545378022305979,3977.0,1.0,-0.0,-0.08333333333333333,-0.16666666666666666,-0.25,-0.3333333333333333,-0.41666666666666663,-0.5,-0.5833333333333333,100000,30,8,0.1,1.0,0.1,0,7,0.001,1e-06,0.01,1e-07,1.0,1e-08,adamax,ramp,-0.6666666666666666,0 days 00:00:20.312098
22,7.742636826811262e-06,0.10282257015990572,-0.0006281587815232391,-0.0035453780223059735,5461.0,1.0,-0.0,-0.08333333333333333,-0.16666666666666666,-0.25,-0.3333333333333333,-0.41666666666666663,-0.5,-0.5833333333333333,100000,30,8,0.1,1.0,0.1,0,7,0.001,1e-06,0.01,1e-07,1.0,1e-08,adamax,ramp,-0.6666666666666666,0 days 00:00:20.312098
33,2.1544346900318823e-05,0.10282257008406147,-0.0006317779967160889,-0.0035453780223059722,5007.0,1.0,-0.0,-0.08333333333333333,-0.16666666666666666,-0.25,-0.3333333333333333,-0.41666666666666663,-0.5,-0.5833333333333333,100000,30,8,0.1,1.0,0.1,0,7,0.001,1e-06,0.01,1e-07,1.0,1e-08,adamax,ramp,-0.6666666666666666,0 days 00:00:20.312098
66,0.0004641588833612782,0.102822570014934,-0.0007359273716323934,-0.0035453780223059688,3648.0,1.0,-0.0,-0.08333333333333333,-0.16666666666666666,-0.25,-0.3333333333333333,-0.41666666666666663,-0.5,-0.5833333333333333,100000,30,8,0.1,1.0,0.1,0,7,0.001,1e-06,0.01,1e-07,1.0,1e-08,adamax,ramp,-0.6666666666666666,0 days 00:00:20.312098
4,1.4508287784959403e-06,0.10282257005243313,-0.0006264994170386342,-0.0035453780223059666,6207.0,1.0,-0.0,-0.08333333333333333,-0.16666666666666666,-0.25,-0.3333333333333333,-0.41666666666666663,-0.5,-0.5833333333333333,100000,30,8,0.1,1.0,0.1,0,7,0.001,1e-06,0.01,1e-07,1.0,1e-08,adamax,ramp,-0.6666666666666666,0 days 00:00:20.312098
16,4.430621457583877e-06,0.10282257001100759,-0.0006272860368518695,-0.0035453780223059653,5709.0,1.0,-0.0,-0.08333333333333333,-0.16666666666666666,-0.25,-0.3333333333333333,-0.41666666666666663,-0.5,-0.5833333333333333,100000,30,8,0.1,1.0,0.1,0,7,0.001,1e-06,0.01,1e-07,1.0,1e-08,adamax,ramp,-0.6666666666666666,0 days 00:00:20.312098
29,1.4849682622544666e-05,0.10282256998229963,-0.0006300259921314833,-0.003545378022305964,5172.0,1.0,-0.0,-0.08333333333333333,-0.16666666666666666,-0.25,-0.3333333333333333,-0.41666666666666663,-0.5,-0.5833333333333333,100000,30,8,0.1,1.0,0.1,0,7,0.001,1e-06,0.01,1e-07,1.0,1e-08,adamax,ramp,-0.6666666666666666,0 days 00:00:20.312098
