,Unnamed: 0.2,Unnamed: 0.1,Unnamed: 0,Gamma0_1,Gamma0_2,Gamma0_3,Gamma0_4,Gamma0_5,Gamma0_6,Gamma0_7,Gamma0_8,Gamma1,Gamma2,Gamma3,Gamma4,Gamma5,Gamma6,Gamma7,Gamma8,eta0,eta,count,success,e1,e2,e3,e4,e5,e6,e7,e8,max_iter,min_iter,N,Jmax,alpha,gleak,ex,lk,rate,minGg,maxGg,minGo,maxGo,tol,optim,exfix,exval,profile,runtime,Gamma,cohlength,ucohlength,ueta
0,0,0,54,1.842810166052782e-06,0.0004500620675348,0.0078156445411801,0.0054549412549126,0.0001162618145146,0.0001081098720497,2.1498927094498464e-05,2.1166857800178136e-06,3.9565926012472417e-07,4.179105562873319e-07,0.0402755080499852,0.0646749416292086,0.0894717443173206,0.119450816915146,4.193057660975094e-05,0.3712967291679849,-0.0010456847441241,-0.0038014125635442,14428.0,1.0,-0.0,-0.0833333333333333,-0.1666666666666666,-0.25,-0.3333333333333333,-0.4166666666666666,-0.5,-0.5833333333333333,100000,30,8,0.1,1.0,0.1,0,7,0.001,1e-06,0.01,1e-07,1.0,1e-08,adamax,0,0.0,ramp,0 days 00:02:06.599924,0.1028225730956478,2.183259927289971,1.9972829839996784,-0.0035453780223061
1,1,1,65,7.538385393303221e-06,2.0704276512834867e-05,0.0006747653038644,2.0687883261032205e-06,0.0073977083820001,8.295873720228317e-05,9.466760449026891e-06,0.0001177316858807,7.350030263932843e-07,6.083728795286686e-07,0.0402753994078602,0.0646749336136357,0.0894714792237732,0.1194496418815832,4.350484738808754e-05,0.3712951197810517,-0.0009386032398477,-0.0038014122794823,11898.0,1.0,-0.0,-0.0833333333333333,-0.1666666666666666,-0.25,-0.3333333333333333,-0.4166666666666666,-0.5,-0.5833333333333333,100000,30,8,0.1,1.0,0.1,0,7,0.001,1e-06,0.01,1e-07,1.0,1e-08,adamax,0,0.0,ramp,0 days 00:02:06.599924,0.1028225768187011,2.1832591134793797,1.9972829943862052,-0.0035453780223062
2,2,2,43,0.0006725366094873,3.828747323626554e-06,0.0004218212710891,0.0001008463265397,4.878802518976385e-06,0.0060341475050769,0.0078649199030143,0.0001056982700894,1.5771151232404545e-06,5.003823046786631e-07,0.0402753031292451,0.0646748317388782,0.089471742009132,0.1194511221751874,4.135686127089376e-05,0.3712969746092264,-0.0009082118819101,-0.0038014121689524,12650.0,1.0,-0.0,-0.0833333333333333,-0.1666666666666666,-0.25,-0.3333333333333333,-0.4166666666666666,-0.5,-0.5833333333333333,100000,30,8,0.1,1.0,0.1,0,7,0.001,1e-06,0.01,1e-07,1.0,1e-08,adamax,0,0.0,ramp,0 days 00:02:06.599924,0.1028225722213134,2.1832567330987027,1.9972829815604691,-0.003545378022306
3,3,3,23,7.901013945729616e-06,0.0005277209970571,0.0025642032617814,0.0002124677668918,2.7149997691421896e-05,0.0048559218422544,2.069303653330006e-06,1.1101251027846292e-05,6.287687525393139e-07,7.354192495047083e-07,0.0402186096789834,0.0645830952326885,0.0893435751228303,0.1192766112240106,4.64368605845038e-05,0.370759626725402,-0.0008854966396299,-0.0038014121066207,12986.0,1.0,-0.0,-0.0833333333333333,-0.1666666666666666,-0.25,-0.3333333333333333,-0.4166666666666666,-0.5,-0.5833333333333333,100000,30,8,0.1,1.0,0.1,0,7,0.001,1e-06,0.01,1e-07,1.0,1e-08,adamax,0,0.0,ramp,0 days 00:02:06.599924,0.1028225724371998,2.183337361146725,1.997282982162748,-0.003545378022306
4,4,4,31,0.0029250357361931,0.000226424141773,0.0058038303405321,0.0002700120234012,0.0004527564985451,5.318611398335869e-05,6.769910573879125e-05,3.5079723216453725e-05,8.596103137058064e-07,4.374662533619096e-07,0.040275664998446,0.0646753407487405,0.0894711650807833,0.1194466164705566,4.8463618466346936e-05,0.3712922505669074,-0.000877221978761,-0.0038014120930532,13716.0,1.0,-0.0,-0.0833333333333333,-0.1666666666666666,-0.25,-0.3333333333333333,-0.4166666666666666,-0.5,-0.5833333333333333,100000,30,8,0.1,1.0,0.1,0,7,0.001,1e-06,0.01,1e-07,1.0,1e-08,adamax,0,0.0,ramp,0 days 00:02:06.599924,0.1028225738576125,2.183259519738715,1.9972829861253976,-0.0035453780223061
5,5,5,90,9.447544255964616e-06,9.555153549275716e-06,1.1990770803250804e-05,0.0030540959964264,1.888518729419628e-05,0.0010180900038268,0.0051051518051554,4.244136414442179e-05,6.94072051295504e-07,6.64327664917081e-07,0.0402186792726256,0.0645832089776194,0.0893432103913423,0.1192745711130564,4.939609495809906e-05,0.3707571727288754,-0.000883362921589,-0.0038014119819482,12707.0,1.0,-0.0,-0.0833333333333333,-0.1666666666666666,-0.25,-0.3333333333333333,-0.4166666666666666,-0.5,-0.5833333333333333,100000,30,8,0.1,1.0,0.1,0,7,0.001,1e-06,0.01,1e-07,1.0,1e-08,adamax,0,0.0,ramp,0 days 00:02:06.599924,0.1028225765458758,2.1833377027021506,1.9972829936250804,-0.0035453780223062
6,6,6,67,0.0057975978510696,0.0012413652891114,0.0049204048421507,0.0026810884518181,0.0002376556086251,0.0077561828906493,1.2860504568910823e-05,0.0001546648834973,1.453583020505462e-06,9.075283352264694e-07,0.0402182015153741,0.0645826187564027,0.0893435845567556,0.1192785066842293,4.2858291917244346e-05,0.3707608476171415,-0.001128983513921,-0.0038014119223962,11318.0,1.0,-0.0,-0.0833333333333333,-0.1666666666666666,-0.25,-0.3333333333333333,-0.4166666666666666,-0.5,-0.5833333333333333,100000,30,8,0.1,1.0,0.1,0,7,0.001,1e-06,0.01,1e-07,1.0,1e-08,adamax,0,0.0,ramp,0 days 00:02:06.599924,0.1028225706640325,2.183334768881506,1.997282977215988,-0.0035453780223059
7,7,7,46,0.0032944772790704,5.209554696461321e-05,0.0001916003393566,0.0001264293490273,0.0002627129000725,0.0040071534923051,2.825287606043885e-06,7.261299533027117e-06,1.4934757479861403e-06,6.285427036284327e-07,0.040218545582429,0.0645830654348852,0.0893436432444772,0.1192769512206544,4.596542310895252e-05,0.3707601339986753,-0.0007826639202669,-0.0038014119083609,13723.0,1.0,-0.0,-0.0833333333333333,-0.1666666666666666,-0.25,-0.3333333333333333,-0.4166666666666666,-0.5,-0.5833333333333333,100000,30,8,0.1,1.0,0.1,0,7,0.001,1e-06,0.01,1e-07,1.0,1e-08,adamax,0,0.0,ramp,0 days 00:02:06.599924,0.1028225768906611,2.1833351541296477,1.9972829945869608,-0.0035453780223062
8,8,8,48,1.2470355426442944e-05,0.000912045875564,1.0739198064241745e-06,9.476894394011032e-05,3.544058067511381e-05,1.4535898052549448e-05,0.0051452957621382,1.455721273727622e-06,1.0556960003640848e-06,1.289921072101873e-06,0.0402751354397611,0.064674916468991,0.0894714720546388,0.1194495481443682,4.3695856029944365e-05,0.3712949667683014,-0.0007177388709937,-0.0038014118086431,13634.0,1.0,-0.0,-0.0833333333333333,-0.1666666666666666,-0.25,-0.3333333333333333,-0.4166666666666666,-0.5,-0.5833333333333333,100000,30,8,0.1,1.0,0.1,0,7,0.001,1e-06,0.01,1e-07,1.0,1e-08,adamax,0,0.0,ramp,0 days 00:02:06.599924,0.1028225723726368,2.1832575587384384,1.9972829819826332,-0.003545378022306
9,9,9,12,0.0011151365855126,0.0008297085931175,2.446811166878224e-05,0.0001285203074762,1.0462866197128209e-06,0.0039042424239021,0.0002683885224456,0.0001397626314655,1.5180641823840403e-06,1.2699885148481413e-06,0.0402179840634541,0.0645824513184271,0.0893436661716083,0.1192794909135673,4.120368756911348e-05,0.3707616773478941,-0.0007644948428745,-0.0038014117896856,13203.0,1.0,-0.0,-0.0833333333333333,-0.1666666666666666,-0.25,-0.3333333333333333,-0.4166666666666666,-0.5,-0.5833333333333333,100000,30,8,0.1,1.0,0.1,0,7,0.001,1e-06,0.01,1e-07,1.0,1e-08,adamax,0,0.0,ramp,0 days 00:02:06.599924,0.1028225728829298,2.183334039291318,1.99728298340624,-0.003545378022306
10,10,10,6,1.1629728252714268e-05,5.913985900075106e-05,0.0004875937382882,0.0022173281921445,0.0087177635809546,7.744075244928619e-06,2.395327806655626e-05,1.1630161258651496e-05,5.757927059756863e-07,4.698688295895795e-07,0.0402191718463757,0.0645839671837694,0.0893427556789447,0.1192695193467056,5.78643435030845e-05,0.37075258215743,-0.0010596721025082,-0.0038014117178327,14223.0,1.0,-0.0,-0.0833333333333333,-0.1666666666666666,-0.25,-0.3333333333333333,-0.4166666666666666,-0.5,-0.5833333333333333,100000,30,8,0.1,1.0,0.1,0,7,0.001,1e-06,0.01,1e-07,1.0,1e-08,adamax,0,0.0,ramp,0 days 00:02:06.599924,0.1028225721967523,2.183339102699835,1.9972829814919504,-0.003545378022306
11,11,11,85,1.4324570632134132e-06,1.502361719019687e-06,0.0002919188056512,0.0072228361790919,0.0031446406293666,0.00275760507953,0.001624586512437,1.4170900632120145e-05,4.833234076242535e-07,4.373623944287287e-07,0.0402193437603802,0.0645842335006478,0.0893427642906023,0.1192684714710542,5.988312242285331e-05,0.3707519690140324,-0.0011319318574313,-0.0038014116680762,12193.0,1.0,-0.0,-0.0833333333333333,-0.1666666666666666,-0.25,-0.3333333333333333,-0.4166666666666666,-0.5,-0.5833333333333333,100000,30,8,0.1,1.0,0.1,0,7,0.001,1e-06,0.01,1e-07,1.0,1e-08,adamax,0,0.0,ramp,0 days 00:02:06.599924,0.102822571972538,2.18333951675663,1.9972829808664407,-0.003545378022306
12,12,12,2,1.2930896531466697e-06,0.0001416587380217,1.3584441464267191e-06,8.513223153056513e-05,0.0052533937702924,3.620804410796032e-05,0.0056035193085129,0.000249210525398,6.092209137442686e-07,1.0406668100467136e-06,0.0402756464494463,0.0646756274470242,0.0894708756102908,0.1194441226422193,5.250006202084744e-05,0.3712896589759257,-0.0009138772643093,-0.0038014116629203,12498.0,1.0,-0.0,-0.0833333333333333,-0.1666666666666666,-0.25,-0.3333333333333333,-0.4166666666666666,-0.5,-0.5833333333333333,100000,30,8,0.1,1.0,0.1,0,7,0.001,1e-06,0.01,1e-07,1.0,1e-08,adamax,0,0.0,ramp,0 days 00:02:06.599924,0.1028225741401936,2.183259976833563,1.997282986913739,-0.0035453780223061
13,13,13,96,0.0038822914146002,0.002569890697219,0.00188531991843,0.0007292622876695,0.0028449914707303,8.651292850641986e-06,1.0633650498746e-05,0.0001762788660907,1.1876388226762837e-06,9.113540027367824e-07,0.0402755669228652,0.0646754987985325,0.0894711168711485,0.1194456516559313,5.020156428611341e-05,0.3712914568266836,-0.0009053840572987,-0.0038014116554453,12559.0,1.0,-0.0,-0.0833333333333333,-0.1666666666666666,-0.25,-0.3333333333333333,-0.4166666666666666,-0.5,-0.5833333333333333,100000,30,8,0.1,1.0,0.1,0,7,0.001,1e-06,0.01,1e-07,1.0,1e-08,adamax,0,0.0,ramp,0 days 00:02:06.599924,0.1028225707235517,2.183258306394884,1.9972829773820355,-0.0035453780223059
14,14,14,98,2.483130948670637e-06,0.0022232027783686,1.1456539583265415e-06,1.6530173514051623e-05,0.0031307154988916,0.0081486527438898,3.7945305481380207e-06,0.0004262271398792,8.925066903353325e-07,4.110955851140921e-06,0.0402161521559712,0.0645806645234027,0.089345386998078,0.1192939587095133,1.808553555228014e-05,0.3707758564253003,-0.000982596380903,-0.0038014115928699,10209.0,1.0,-0.0,-0.0833333333333333,-0.1666666666666666,-0.25,-0.3333333333333333,-0.4166666666666666,-0.5,-0.5833333333333333,100000,30,8,0.1,1.0,0.1,0,7,0.001,1e-06,0.01,1e-07,1.0,1e-08,adamax,0,0.0,ramp,0 days 00:02:06.599924,0.1028225755026622,2.183329871240075,1.997282990714736,-0.0035453780223061
15,15,15,3,2.3297290305468885e-06,0.0088291389734947,0.0001207725499698,0.0021276451942244,7.26001564320212e-05,7.583005408149944e-06,3.1693399055040934e-05,6.575660884794559e-06,5.373414665189837e-07,7.222496064589799e-07,0.0402190396854273,0.0645838822798453,0.0893426008200709,0.1192691692972239,5.814681756317885e-05,0.370751812972301,-0.0008257147630725,-0.0038014115837433,14297.0,1.0,-0.0,-0.0833333333333333,-0.1666666666666666,-0.25,-0.3333333333333333,-0.4166666666666666,-0.5,-0.5833333333333333,100000,30,8,0.1,1.0,0.1,0,7,0.001,1e-06,0.01,1e-07,1.0,1e-08,adamax,0,0.0,ramp,0 days 00:02:06.599924,0.1028225722751073,2.183339043141105,1.997282981710544,-0.003545378022306
16,16,16,42,0.0005258838004773,1.2668124477067412e-06,1.5387286972167811e-06,0.000137972348557,0.0061728018435265,1.0001829249480608e-06,0.000261199944663,4.83782293443248e-05,1.0874821026592123e-06,5.268045490830365e-07,0.0402759395178314,0.0646759528254975,0.0894704596355596,0.1194410080983022,5.7357283500563045e-05,0.3712864647167269,-0.0008807473826552,-0.0038014115483731,13537.0,1.0,-0.0,-0.0833333333333333,-0.1666666666666666,-0.25,-0.3333333333333333,-0.4166666666666666,-0.5,-0.5833333333333333,100000,30,8,0.1,1.0,0.1,0,7,0.001,1e-06,0.01,1e-07,1.0,1e-08,adamax,0,0.0,ramp,0 days 00:02:06.599924,0.1028225706105793,2.183259892696705,1.9972829770668656,-0.0035453780223059
17,17,17,56,0.0099380248480163,0.0001088063927324,0.0023884238224888,0.0007037123239191,0.0007050378054654,0.0087176372780666,2.309595203750553e-05,4.748053842941608e-05,1.4014204264836264e-06,5.634395697951576e-07,0.0402757950617573,0.0646757639516751,0.0894706379206713,0.1194425181062016,5.493905074249611e-05,0.3712879998852619,-0.0010377006454064,-0.0038014115440067,12744.0,1.0,-0.0,-0.0833333333333333,-0.1666666666666666,-0.25,-0.3333333333333333,-0.4166666666666666,-0.5,-0.5833333333333333,100000,30,8,0.1,1.0,0.1,0,7,0.001,1e-06,0.01,1e-07,1.0,1e-08,adamax,0,0.0,ramp,0 days 00:02:06.599924,0.1028225755535046,2.183258758178005,1.9972829908565777,-0.0035453780223062
18,18,18,82,2.0700607553293653e-05,3.0049959844956984e-06,8.61114761039718e-06,0.0063767151867077,3.4601802630572853e-06,7.908136572226418e-06,0.0017770116904955,2.925193045801956e-05,6.650257631424492e-07,7.76888277014139e-07,0.0402189974240286,0.0645838575137335,0.0893426642440177,0.1192695235495125,5.7636273744442175e-05,0.3707522427484985,-0.0009405584456227,-0.0038014115384588,13106.0,1.0,-0.0,-0.0833333333333333,-0.1666666666666666,-0.25,-0.3333333333333333,-0.4166666666666666,-0.5,-0.5833333333333333,100000,30,8,0.1,1.0,0.1,0,7,0.001,1e-06,0.01,1e-07,1.0,1e-08,adamax,0,0.0,ramp,0 days 00:02:06.599924,0.1028225730568775,2.183338576668316,1.9972829838915171,-0.003545378022306
19,19,19,17,0.0064927044071246,1.236120994311242e-06,2.929625240201391e-05,5.270004747783192e-05,0.0071319068578649,0.0002154407091235,0.0011983161542168,0.0045610798754982,2.161111193828084e-06,5.219696618185946e-07,0.0402756015027885,0.0646755094297154,0.0894710087830187,0.1194450937571849,5.0981893489624e-05,0.3712908710377053,-0.0009790702839157,-0.0038014115113479,11851.0,1.0,-0.0,-0.0833333333333333,-0.1666666666666666,-0.25,-0.3333333333333333,-0.4166666666666666,-0.5,-0.5833333333333333,100000,30,8,0.1,1.0,0.1,0,7,0.001,1e-06,0.01,1e-07,1.0,1e-08,adamax,0,0.0,ramp,0 days 00:02:06.599924,0.1028225727624121,2.1832563254113846,1.997282983070022,-0.003545378022306
20,20,20,11,0.0006300403124845,0.0069924832345044,0.002624451483408,4.214944266958088e-06,7.567646313502409e-06,0.0031579195076007,0.000158257536248,9.09108834048934e-06,9.855402662286649e-07,8.787344322565677e-07,0.0402758042209995,0.0646759099490039,0.0894702845413727,0.119440389373355,5.810317108779824e-05,0.3712854457126424,-0.000875749407203,-0.0038014113600385,13421.0,1.0,-0.0,-0.0833333333333333,-0.1666666666666666,-0.25,-0.3333333333333333,-0.4166666666666666,-0.5,-0.5833333333333333,100000,30,8,0.1,1.0,0.1,0,7,0.001,1e-06,0.01,1e-07,1.0,1e-08,adamax,0,0.0,ramp,0 days 00:02:06.599924,0.1028225769963535,2.18325993440614,1.9972829948818185,-0.0035453780223062
21,21,21,84,1.376070546859764e-06,1.868360938916099e-05,2.88599423301874e-06,2.3660681065582824e-05,0.0001398131885386,1.8694918589174348e-05,0.000154834445545,0.0034139406270487,1.2869364358324115e-06,1.4276479869086858e-06,0.0402753342054511,0.0646754099789549,0.0894710107906696,0.1194454749117005,5.028974207662482e-05,0.3712909296626118,-0.0006570831994714,-0.0038014113474479,11947.0,1.0,-0.0,-0.0833333333333333,-0.1666666666666666,-0.25,-0.3333333333333333,-0.4166666666666666,-0.5,-0.5833333333333333,100000,30,8,0.1,1.0,0.1,0,7,0.001,1e-06,0.01,1e-07,1.0,1e-08,adamax,0,0.0,ramp,0 days 00:02:06.599924,0.1028225723888028,2.1832575587293355,1.9972829820277316,-0.003545378022306
22,22,22,15,0.0002055571370684,7.682585808784506e-06,0.0002218241428273,1.809727382279792e-05,0.000469456755985,3.4761566476617392e-06,0.0003789349164091,0.0003132428758938,1.4610812144901823e-06,6.37738306718698e-07,0.0402758811146103,0.0646759809455021,0.0894704056392709,0.1194406028667765,5.799958808039635e-05,0.3712860458687814,-0.0006723166151464,-0.0038014113395607,13147.0,1.0,-0.0,-0.0833333333333333,-0.1666666666666666,-0.25,-0.3333333333333333,-0.4166666666666666,-0.5,-0.5833333333333333,100000,30,8,0.1,1.0,0.1,0,7,0.001,1e-06,0.01,1e-07,1.0,1e-08,adamax,0,0.0,ramp,0 days 00:02:06.599924,0.1028225746743424,2.18325888133154,1.997282988403901,-0.0035453780223061
23,23,23,57,0.0003434368995474,5.265154533099184e-05,0.0001800336572307,5.5815340583765854e-05,7.78956687083549e-05,5.018082646374419e-06,0.00145476225339,2.134106570447128e-05,1.4944402823909009e-06,8.67409745498362e-07,0.0402186739400441,0.0645834890936881,0.0893425784730375,0.1192705729103259,5.542657466439793e-05,0.3707526389012273,-0.0006698944188509,-0.0038014113306239,13492.0,1.0,-0.0,-0.0833333333333333,-0.1666666666666666,-0.25,-0.3333333333333333,-0.4166666666666666,-0.5,-0.5833333333333333,100000,30,8,0.1,1.0,0.1,0,7,0.001,1e-06,0.01,1e-07,1.0,1e-08,adamax,0,0.0,ramp,0 days 00:02:06.599924,0.1028225767187543,2.1833362173106,1.9972829941073744,-0.0035453780223062
24,24,24,75,1.8559957169038604e-06,1.5441375974244631e-06,1.39190530516974e-05,0.0003508983061148,7.487286329270736e-06,0.000264767791944,6.762453724296486e-06,5.000168096505526e-06,6.752393007670531e-07,5.334796602454708e-07,0.0402194635464161,0.0645845606835116,0.0893422548962767,0.1192648889729687,6.542249265840436e-05,0.3707480745542525,-0.0006576117732776,-0.0038014112911079,13914.0,1.0,-0.0,-0.0833333333333333,-0.1666666666666666,-0.25,-0.3333333333333333,-0.4166666666666666,-0.5,-0.5833333333333333,100000,30,8,0.1,1.0,0.1,0,7,0.001,1e-06,0.01,1e-07,1.0,1e-08,adamax,0,0.0,ramp,0 days 00:02:06.599924,0.10282257362784,2.1833396188827487,1.997282985484383,-0.0035453780223061
25,25,25,35,0.0009158616012698,1.282202010568667e-06,1.1089655605312618e-05,2.6578690547468263e-05,1.1613812102726938e-06,9.03284427484425e-06,3.051137344436784e-05,9.463588187416548e-05,1.96362525134002e-06,6.85584186163482e-07,0.0402187271701605,0.0645835537098104,0.0893426618722817,0.1192706421040524,5.550423330410145e-05,0.3707530159851316,-0.0006409601202702,-0.0038014112723357,13862.0,1.0,-0.0,-0.0833333333333333,-0.1666666666666666,-0.25,-0.3333333333333333,-0.4166666666666666,-0.5,-0.5833333333333333,100000,30,8,0.1,1.0,0.1,0,7,0.001,1e-06,0.01,1e-07,1.0,1e-08,adamax,0,0.0,ramp,0 days 00:02:06.599924,0.1028225737187495,2.183335149804124,1.9972829857379977,-0.0035453780223061
26,26,26,13,9.037418669311366e-06,0.0055282799222155,3.796815095860064e-06,5.006104689891056e-06,1.2197813328403096e-06,9.990396928424016e-05,0.0014518144203477,6.928598260639077e-06,1.3598136978959615e-06,1.2804366961572067e-06,0.0402185095859275,0.0645833959662583,0.0893428927493918,0.1192722676591251,5.301112814427294e-05,0.370754661602571,-0.0007061026991265,-0.0038014112715554,13617.0,1.0,-0.0,-0.0833333333333333,-0.1666666666666666,-0.25,-0.3333333333333333,-0.4166666666666666,-0.5,-0.5833333333333333,100000,30,8,0.1,1.0,0.1,0,7,0.001,1e-06,0.01,1e-07,1.0,1e-08,adamax,0,0.0,ramp,0 days 00:02:06.599924,0.102822576116069,2.183335754097578,1.9972829924260116,-0.0035453780223062
27,27,27,25,0.0037603481566687,2.2051517507129244e-05,0.001321979266896,4.767156948227288e-05,0.0069053235907233,0.0016832061853429,1.4927849201071963e-06,0.006420299578157,8.889835534493871e-06,1.0420083748102694e-06,0.0402160656592215,0.0645800648917986,0.0893463979064121,0.1193003948190611,8.31785351251512e-06,0.3707841251232421,-0.0010392375541548,-0.0038014111098479,8589.0,1.0,-0.0,-0.0833333333333333,-0.1666666666666666,-0.25,-0.3333333333333333,-0.4166666666666666,-0.5,-0.5833333333333333,100000,30,8,0.1,1.0,0.1,0,7,0.001,1e-06,0.01,1e-07,1.0,1e-08,adamax,0,0.0,ramp,0 days 00:02:06.599924,0.1028225768082204,2.183311097628858,1.9972829943569657,-0.0035453780223062
28,28,28,19,7.448324047017464e-05,4.356580340860741e-05,0.0001323472585673,0.0007723263058546,8.55675385979274e-05,1.1701969269511431e-06,2.346838694509758e-06,1.686988881125454e-05,8.360663552384315e-07,6.275856978306934e-07,0.0402765277457448,0.0646770131369245,0.0894701982573488,0.1194355155816919,6.715683465700622e-05,0.3712822046224763,-0.000689285915054,-0.0038014111073298,13654.0,1.0,-0.0,-0.0833333333333333,-0.1666666666666666,-0.25,-0.3333333333333333,-0.4166666666666666,-0.5,-0.5833333333333333,100000,30,8,0.1,1.0,0.1,0,7,0.001,1e-06,0.01,1e-07,1.0,1e-08,adamax,0,0.0,ramp,0 days 00:02:06.599924,0.1028225704552043,2.1832612890499097,1.9972829766334024,-0.0035453780223059
29,29,29,7,1.0732500638516008e-06,0.0003873609547727,1.1437577957348623e-06,2.45582557841306e-05,0.0043747418092636,9.469355355761696e-06,0.000409110975984,9.851460753203622e-05,5.540492091796049e-07,1.0252080111171011e-06,0.0402193288388046,0.0645845771498296,0.0893423882945634,0.1192653377065491,6.492587060595046e-05,0.3707487204730634,-0.0008191533825474,-0.0038014110946886,13169.0,1.0,-0.0,-0.0833333333333333,-0.1666666666666666,-0.25,-0.3333333333333333,-0.4166666666666666,-0.5,-0.5833333333333333,100000,30,8,0.1,1.0,0.1,0,7,0.001,1e-06,0.01,1e-07,1.0,1e-08,adamax,0,0.0,ramp,0 days 00:02:06.599924,0.1028225766033201,2.1833392824887765,1.997282993785341,-0.0035453780223062
30,30,30,70,3.579842688961878e-05,0.0001439806868515,5.219195147950514e-05,3.02287067033496e-06,1.2864861351236106e-05,4.47718540065816e-06,0.004272710874704,0.0033225907350011,1.7433664260755525e-06,1.18970876779884e-06,0.0402185809138036,0.0645835439889721,0.0893427303152927,0.1192709277886387,5.515247104580852e-05,0.3707533366406642,-0.0007088756518369,-0.0038014110941827,13078.0,1.0,-0.0,-0.0833333333333333,-0.1666666666666666,-0.25,-0.3333333333333333,-0.4166666666666666,-0.5,-0.5833333333333333,100000,30,8,0.1,1.0,0.1,0,7,0.001,1e-06,0.01,1e-07,1.0,1e-08,adamax,0,0.0,ramp,0 days 00:02:06.599924,0.1028225722422967,2.1833351074529324,1.9972829816190096,-0.003545378022306
31,31,31,62,0.0058975344531166,7.567091681882579e-05,0.0001874636093471,0.0040375068390509,0.0002093358941211,2.4593696534344987e-06,0.0029257088229718,0.0001275917470198,1.3665800138416257e-06,6.624957144617629e-07,0.040219257961709,0.0645843849629063,0.0893423776283174,0.1192660510089712,6.353054413571398e-05,0.3707492233135077,-0.0009094039147355,-0.0038014110921647,12743.0,1.0,-0.0,-0.0833333333333333,-0.1666666666666666,-0.25,-0.3333333333333333,-0.4166666666666666,-0.5,-0.5833333333333333,100000,30,8,0.1,1.0,0.1,0,7,0.001,1e-06,0.01,1e-07,1.0,1e-08,adamax,0,0.0,ramp,0 days 00:02:06.599924,0.1028225743613112,2.183337471793089,1.9972829875306095,-0.0035453780223061
32,32,32,81,0.0031319400990117,0.0067638257504493,4.083105199175321e-05,0.0067369488392039,8.084644806188994e-05,0.0001297617049858,0.0079711691942115,2.234856703399868e-06,1.0675048251363155e-06,1.0244668401587622e-06,0.0402190662417964,0.0645842008060245,0.0893424478482995,0.1192670935969426,6.173310133996404e-05,0.3707500264971842,-0.0011026638691657,-0.0038014110832901,12799.0,1.0,-0.0,-0.0833333333333333,-0.1666666666666666,-0.25,-0.3333333333333333,-0.4166666666666666,-0.5,-0.5833333333333333,100000,30,8,0.1,1.0,0.1,0,7,0.001,1e-06,0.01,1e-07,1.0,1e-08,adamax,0,0.0,ramp,0 days 00:02:06.599924,0.1028225733086226,2.183337685043586,1.997282984593833,-0.0035453780223061
33,33,33,34,0.0016608585736307,0.0003918409643158,0.001640161308095,0.0052665544274659,0.0016795425190639,1.2113055295713049e-05,0.0026610312383739,1.1438774865036564e-06,9.545285727327293e-07,6.29311477561206e-07,0.0402766063156132,0.0646771630209905,0.0894703512407098,0.1194355437263498,6.749420588612426e-05,0.3712827417627223,-0.0010321790606545,-0.0038014110523119,13071.0,1.0,-0.0,-0.0833333333333333,-0.1666666666666666,-0.25,-0.3333333333333333,-0.4166666666666666,-0.5,-0.5833333333333333,100000,30,8,0.1,1.0,0.1,0,7,0.001,1e-06,0.01,1e-07,1.0,1e-08,adamax,0,0.0,ramp,0 days 00:02:06.599924,0.10282257191664,2.183260910355389,1.9972829807104977,-0.003545378022306
34,34,34,61,4.228403653071066e-05,0.0012362645204199,0.0059244115652831,0.0002929054832264,0.0007077283508884,0.0003117705949192,0.0002772587805204,5.392028027457144e-06,6.061633980023637e-07,6.023452290371187e-07,0.0402764657647761,0.0646768974826977,0.0894694023483739,0.1194325878137729,7.070213338787552e-05,0.3712777387945125,-0.0008976444783069,-0.00380141102462,12853.0,1.0,-0.0,-0.0833333333333333,-0.1666666666666666,-0.25,-0.3333333333333333,-0.4166666666666666,-0.5,-0.5833333333333333,100000,30,8,0.1,1.0,0.1,0,7,0.001,1e-06,0.01,1e-07,1.0,1e-08,adamax,0,0.0,ramp,0 days 00:02:06.599924,0.1028225734315805,2.1832626496184147,1.9972829849368587,-0.0035453780223061
35,35,35,18,2.342044717397785e-06,0.0001761333261129,4.9211520739901626e-06,0.0005037551012747,0.0091996448256397,0.0002585054148347,9.764583655652584e-05,0.00014570484531,6.110929089464352e-07,8.820072551693066e-07,0.0402765014037692,0.0646770758069731,0.0894701694678393,0.1194351197382744,6.784581273409125e-05,0.3712818169903444,-0.0009955307045322,-0.0038014110124357,12305.0,1.0,-0.0,-0.0833333333333333,-0.1666666666666666,-0.25,-0.3333333333333333,-0.4166666666666666,-0.5,-0.5833333333333333,100000,30,8,0.1,1.0,0.1,0,7,0.001,1e-06,0.01,1e-07,1.0,1e-08,adamax,0,0.0,ramp,0 days 00:02:06.599924,0.102822575408795,2.183261662550648,1.9972829904528664,-0.0035453780223061
36,36,36,24,0.0003627975513103,4.177371724604118e-06,2.5399305554529065e-05,5.14097009933008e-05,6.7149254944574e-06,0.000407802543467,4.843718826922739e-06,1.916633247345944e-05,2.384659084121952e-06,7.928068848434632e-07,0.040218692081857,0.0645836393113429,0.0893424243968476,0.1192692035401974,5.765059669086286e-05,0.3707513550145216,-0.0006471873956807,-0.0038014109783884,12828.0,1.0,-0.0,-0.0833333333333333,-0.1666666666666666,-0.25,-0.3333333333333333,-0.4166666666666666,-0.5,-0.5833333333333333,100000,30,8,0.1,1.0,0.1,0,7,0.001,1e-06,0.01,1e-07,1.0,1e-08,adamax,0,0.0,ramp,0 days 00:02:06.599924,0.1028225746516455,2.1833342368007917,1.9972829883405816,-0.0035453780223061
37,37,37,10,0.0024809270185358,8.14481280331027e-06,6.549371846984183e-05,0.0006610926256966,0.0007469499437351,5.064053015588896e-05,0.0001102307966573,2.6319983124048804e-05,1.4156429779243268e-06,5.273841930660956e-07,0.0402765678672821,0.0646771171132269,0.0894703353277703,0.1194356301259402,6.72890919342876e-05,0.3712827855066554,-0.0007263244982203,-0.0038014109680691,13405.0,1.0,-0.0,-0.0833333333333333,-0.1666666666666666,-0.25,-0.3333333333333333,-0.4166666666666666,-0.5,-0.5833333333333333,100000,30,8,0.1,1.0,0.1,0,7,0.001,1e-06,0.01,1e-07,1.0,1e-08,adamax,0,0.0,ramp,0 days 00:02:06.599924,0.1028225734444142,2.1832598200166595,1.9972829849726632,-0.0035453780223061
38,38,38,8,0.0009316897409901,4.0536823985133305e-05,5.597507508787879e-05,0.0046033811288589,8.957475011918253e-05,0.0003084662489194,3.79960520471443e-06,1.4375139339160627e-05,1.049110141903822e-06,7.891889819231623e-07,0.04027624811665,0.0646766778644623,0.0894697588286844,0.1194349575264702,6.710829808376993e-05,0.371280383816107,-0.0008724860494706,-0.0038014109562952,12705.0,1.0,-0.0,-0.0833333333333333,-0.1666666666666666,-0.25,-0.3333333333333333,-0.4166666666666666,-0.5,-0.5833333333333333,100000,30,8,0.1,1.0,0.1,0,7,0.001,1e-06,0.01,1e-07,1.0,1e-08,adamax,0,0.0,ramp,0 days 00:02:06.599924,0.1028225732659035,2.1832608254301844,1.9972829844746536,-0.0035453780223061
39,39,39,77,0.0008622155452246,1.1035187269827544e-06,0.0003109922853193,0.0028559758983362,0.0016569948365149,3.4605316699797915e-05,0.0004680785967234,3.343311102590716e-05,1.0870034220807145e-06,4.0156754778965177e-07,0.0402194054748911,0.0645845218000858,0.0893410941049639,0.119260018148469,7.174878982297053e-05,0.3707412579665695,-0.0008714813757396,-0.0038014109258937,13056.0,1.0,-0.0,-0.0833333333333333,-0.1666666666666666,-0.25,-0.3333333333333333,-0.4166666666666666,-0.5,-0.5833333333333333,100000,30,8,0.1,1.0,0.1,0,7,0.001,1e-06,0.01,1e-07,1.0,1e-08,adamax,0,0.0,ramp,0 days 00:02:06.599924,0.1028225737540719,2.1833398515831477,1.9972829858365415,-0.0035453780223061
40,40,40,83,0.0003086558100637,0.0013296856993546,4.205768493933181e-06,0.0007094561498143,0.0080713657767941,0.0097758712786671,0.0078986888489018,8.761813332267336e-05,1.0812650200952614e-06,1.4573247448569566e-06,0.0402188636159954,0.0645840900003468,0.0893425465418153,0.1192679124511903,6.044066919460621e-05,0.3707507990909281,-0.0012746234486209,-0.0038014109126429,11597.0,1.0,-0.0,-0.0833333333333333,-0.1666666666666666,-0.25,-0.3333333333333333,-0.4166666666666666,-0.5,-0.5833333333333333,100000,30,8,0.1,1.0,0.1,0,7,0.001,1e-06,0.01,1e-07,1.0,1e-08,adamax,0,0.0,ramp,0 days 00:02:06.599924,0.1028225727502036,2.183337026478732,1.9972829830359613,-0.003545378022306
41,41,41,27,8.24293943199446e-06,0.0007593818202004,0.0003337048425617,0.0009913125841606,8.597554287373876e-06,0.0057665575259861,0.0023519528956208,2.9573590955650284e-06,6.884040155527821e-07,1.2153449724147858e-06,0.0402191585284305,0.0645844331480687,0.0893419999105286,0.1192642151181235,6.608494788892114e-05,0.3707467172922978,-0.0008858617393184,-0.0038014108960664,12558.0,1.0,-0.0,-0.0833333333333333,-0.1666666666666666,-0.25,-0.3333333333333333,-0.4166666666666666,-0.5,-0.5833333333333333,100000,30,8,0.1,1.0,0.1,0,7,0.001,1e-06,0.01,1e-07,1.0,1e-08,adamax,0,0.0,ramp,0 days 00:02:06.599924,0.1028225734849147,2.183339046543551,1.9972829850856508,-0.0035453780223061
42,42,42,93,3.861566205938485e-06,2.464192032562959e-06,4.235545673330171e-06,0.0001170619002072,0.0018636481330768,0.0006553213368349,3.8701656891143335e-05,0.0005893160340686,1.0897114193682306e-06,9.304065732548904e-07,0.0402191142764403,0.0645842816927235,0.0893416489396022,0.1192633244813893,6.687973919897549e-05,0.3707450632764354,-0.0007348282542314,-0.0038014108795679,10222.0,1.0,-0.0,-0.0833333333333333,-0.1666666666666666,-0.25,-0.3333333333333333,-0.4166666666666666,-0.5,-0.5833333333333333,100000,30,8,0.1,1.0,0.1,0,7,0.001,1e-06,0.01,1e-07,1.0,1e-08,adamax,0,0.0,ramp,0 days 00:02:06.599924,0.102822574015433,2.183338584316981,1.9972829865656845,-0.0035453780223061
43,43,43,80,0.0003743237398965,1.7551994007105604e-06,0.0034130586631916,1.4533933115015424e-05,0.0015183475035235,1.194974316706656e-06,1.0618400980274028e-05,2.5466670512228253e-06,6.890547700581135e-07,3.217830250747322e-07,0.040276982100988,0.0646776552970011,0.0894694079304158,0.1194295131496397,7.656718915500988e-05,0.3712759219447841,-0.0008397940710021,-0.0038014108650849,14583.0,1.0,-0.0,-0.0833333333333333,-0.1666666666666666,-0.25,-0.3333333333333333,-0.4166666666666666,-0.5,-0.5833333333333333,100000,30,8,0.1,1.0,0.1,0,7,0.001,1e-06,0.01,1e-07,1.0,1e-08,adamax,0,0.0,ramp,0 days 00:02:06.599924,0.1028225735049644,2.1832631533628124,1.9972829851415856,-0.0035453780223061
44,44,44,73,6.196242666258531e-06,8.681173119672177e-05,0.0007282389064588,0.0010123214994511,1.8119290892240536e-05,5.600137923095103e-05,6.373483877705192e-06,0.0001176351160744,7.87646756294051e-07,7.989099396329381e-07,0.0402765986559486,0.0646772481718916,0.0894698378995826,0.1194329716665969,7.109026375633403e-05,0.3712794179678379,-0.0007334890428451,-0.003801410844377,11284.0,1.0,-0.0,-0.0833333333333333,-0.1666666666666666,-0.25,-0.3333333333333333,-0.4166666666666666,-0.5,-0.5833333333333333,100000,30,8,0.1,1.0,0.1,0,7,0.001,1e-06,0.01,1e-07,1.0,1e-08,adamax,0,0.0,ramp,0 days 00:02:06.599924,0.1028225732595034,2.183261726465629,1.9972829844568003,-0.0035453780223061
45,45,45,76,4.155636860992126e-05,4.569114856890413e-06,3.229435911425396e-06,7.089695000917493e-05,1.880265636664745e-05,0.0002686888127302,0.0014870707937568,2.305798184809696e-05,1.5307226472827488e-06,8.113173039725308e-07,0.0402191950624776,0.0645844107556971,0.0893419852048811,0.1192642127345728,6.604308792416581e-05,0.3707467769940714,-0.0006592229053665,-0.0038014108410189,13260.0,1.0,-0.0,-0.0833333333333333,-0.1666666666666666,-0.25,-0.3333333333333333,-0.4166666666666666,-0.5,-0.5833333333333333,100000,30,8,0.1,1.0,0.1,0,7,0.001,1e-06,0.01,1e-07,1.0,1e-08,adamax,0,0.0,ramp,0 days 00:02:06.599924,0.1028225737208062,2.183337302015212,1.997282985743738,-0.0035453780223061
46,46,46,51,1.2946394747662309e-05,0.0003279324970664,0.0030002210044653,0.0003296997480135,0.0093455528138108,6.658325752065421e-05,4.848673843892735e-06,0.0001006156175565,7.81717662585735e-07,9.497619439734598e-07,0.0402195367527521,0.0645849647427541,0.0893419149886767,0.1192616835094437,7.068805877304421e-05,0.3707449294315131,-0.0010836565595342,-0.0038014107857605,10925.0,1.0,-0.0,-0.0833333333333333,-0.1666666666666666,-0.25,-0.3333333333333333,-0.4166666666666666,-0.5,-0.5833333333333333,100000,30,8,0.1,1.0,0.1,0,7,0.001,1e-06,0.01,1e-07,1.0,1e-08,adamax,0,0.0,ramp,0 days 00:02:06.599924,0.1028225766312021,2.183339471899681,1.997282993863124,-0.0035453780223062
47,47,47,20,3.3008031120758226e-05,2.280450561960245e-06,0.0001903475164027,2.03857849938586e-06,8.599163888658473e-06,4.119519684006737e-05,0.0014468960992507,0.0045919615928626,1.531521990039727e-06,5.783811160257554e-07,0.0402195467835212,0.0645849025146172,0.0893418393214931,0.1192615876139027,7.066921039124635e-05,0.3707447172052994,-0.0006863373891168,-0.0038014107420386,12498.0,1.0,-0.0,-0.0833333333333333,-0.1666666666666666,-0.25,-0.3333333333333333,-0.4166666666666666,-0.5,-0.5833333333333333,100000,30,8,0.1,1.0,0.1,0,7,0.001,1e-06,0.01,1e-07,1.0,1e-08,adamax,0,0.0,ramp,0 days 00:02:06.599924,0.1028225729374289,2.1833379713543937,1.997282983558282,-0.003545378022306
48,48,48,33,2.230502081362076e-06,0.000968580562142,0.0015063699261737,0.0001435990438731,0.0001830912499006,0.0023887993625205,1.075447585190158e-05,6.818656043912326e-05,6.763676564693099e-07,1.218537221248163e-06,0.0402761741893243,0.0646767540555201,0.0894693558410493,0.1194328815924413,7.005011882815381e-05,0.3712776827590275,-0.0007945693347864,-0.0038014107087747,11603.0,1.0,-0.0,-0.0833333333333333,-0.1666666666666666,-0.25,-0.3333333333333333,-0.4166666666666666,-0.5,-0.5833333333333333,100000,30,8,0.1,1.0,0.1,0,7,0.001,1e-06,0.01,1e-07,1.0,1e-08,adamax,0,0.0,ramp,0 days 00:02:06.599924,0.1028225700840614,2.183261780303756,1.997282975597992,-0.0035453780223059
49,49,49,26,0.0003604002261354,7.993165835339428e-06,0.0063766042198259,5.946714135959529e-05,0.0051099841361253,9.440571816117342e-06,1.5795919010095256e-06,0.0005561627222599,1.0769136111383602e-06,5.272138657693504e-07,0.0402768199887775,0.0646775516058445,0.0894694656378094,0.1194301193658137,7.557021724977401e-05,0.3712764835885669,-0.0010325866695224,-0.0038014106803787,10540.0,1.0,-0.0,-0.0833333333333333,-0.1666666666666666,-0.25,-0.3333333333333333,-0.4166666666666666,-0.5,-0.5833333333333333,100000,30,8,0.1,1.0,0.1,0,7,0.001,1e-06,0.01,1e-07,1.0,1e-08,adamax,0,0.0,ramp,0 days 00:02:06.599924,0.1028225714148578,2.1832618174446266,1.9972829793106317,-0.003545378022306
50,50,50,29,0.0045675651596425,0.0009678967262589,1.8222936744663016e-06,0.0026814045701406,4.269015473482781e-06,1.370067630844624e-06,1.0860317556735716e-05,1.6733234125277085e-05,9.804079087048378e-07,1.0070680789263388e-06,0.0402193980242978,0.0645848136573422,0.0893414823602469,0.1192604110772114,7.201343939153317e-05,0.370742708572515,-0.0008093713411897,-0.0038014106284859,14280.0,1.0,-0.0,-0.0833333333333333,-0.1666666666666666,-0.25,-0.3333333333333333,-0.4166666666666666,-0.5,-0.5833333333333333,100000,30,8,0.1,1.0,0.1,0,7,0.001,1e-06,0.01,1e-07,1.0,1e-08,adamax,0,0.0,ramp,0 days 00:02:06.599924,0.1028225699822996,2.183339251563041,1.9972829753141,-0.0035453780223059
51,51,51,36,6.60698258277928e-05,6.757723746844363e-06,0.0012003478219982,0.0035987425220234,0.0014639235261514,3.611472317165144e-06,1.4146642698901802e-05,0.0007928494767862,7.80579389842407e-07,4.699504120037267e-07,0.0402200821355308,0.0645856849704885,0.0893412431038177,0.1192558757190123,8.00383714883272e-05,0.3707391929852427,-0.0009204233979966,-0.0038014105911242,11988.0,1.0,-0.0,-0.0833333333333333,-0.1666666666666666,-0.25,-0.3333333333333333,-0.4166666666666666,-0.5,-0.5833333333333333,100000,30,8,0.1,1.0,0.1,0,7,0.001,1e-06,0.01,1e-07,1.0,1e-08,adamax,0,0.0,ramp,0 days 00:02:06.599924,0.1028225754916159,2.183341075867064,1.997282990683923,-0.0035453780223062
52,52,52,49,2.6461969535660448e-05,0.0001577184992829,4.087708335532083e-06,3.351843718430738e-05,0.000269020462693,0.0017123469577515,0.0001480141847692,7.448760807233913e-06,1.0599517437617835e-06,1.3793012194870109e-06,0.0402760038295943,0.0646766046641296,0.0894695024596203,0.1194340669616876,6.817546283893911e-05,0.3712789016863675,-0.0006898811968729,-0.0038014105909094,12998.0,1.0,-0.0,-0.0833333333333333,-0.1666666666666666,-0.25,-0.3333333333333333,-0.4166666666666666,-0.5,-0.5833333333333333,100000,30,8,0.1,1.0,0.1,0,7,0.001,1e-06,0.01,1e-07,1.0,1e-08,adamax,0,0.0,ramp,0 days 00:02:06.599924,0.1028225738243837,2.183260387988686,1.997282986032696,-0.0035453780223061
53,53,53,55,0.0002306067243896,1.402701533260192e-05,4.34348200555772e-05,0.0012492770868551,4.469075880874166e-05,0.0005603109913827,0.002850998420655,0.0017587151472844,1.4321275141268176e-06,7.290608446515817e-07,0.0402763808229664,0.0646769761886102,0.0894691637899155,0.1194311267510237,7.28902798080207e-05,0.3712760846606294,-0.000770363166093,-0.003801410588535,12291.0,1.0,-0.0,-0.0833333333333333,-0.1666666666666666,-0.25,-0.3333333333333333,-0.4166666666666666,-0.5,-0.5833333333333333,100000,30,8,0.1,1.0,0.1,0,7,0.001,1e-06,0.01,1e-07,1.0,1e-08,adamax,0,0.0,ramp,0 days 00:02:06.599924,0.1028225743451998,2.183260669615608,1.9972829874856652,-0.0035453780223061
54,54,54,58,0.0002681830014203,1.406183833285231e-06,0.0008238999620223,0.0092825255052557,0.0084031720352624,0.0005785509296419,4.955687096417552e-05,3.535585732386212e-06,7.089917668971253e-07,3.783559519714278e-07,0.0402769880663678,0.0646777455774042,0.0894686526738218,0.1194258683605202,8.159329109040978e-05,0.3712711573343852,-0.001254754555665,-0.0038014105881803,13284.0,1.0,-0.0,-0.0833333333333333,-0.1666666666666666,-0.25,-0.3333333333333333,-0.4166666666666666,-0.5,-0.5833333333333333,100000,30,8,0.1,1.0,0.1,0,7,0.001,1e-06,0.01,1e-07,1.0,1e-08,adamax,0,0.0,ramp,0 days 00:02:06.599924,0.1028225703341088,2.1832638595684357,1.997282976295574,-0.0035453780223059
55,55,55,52,8.373139584285195e-06,8.985587178197779e-06,1.6970603061426546e-05,0.0070228303919918,0.0002027683838971,0.0001013416171912,0.0001691361481109,0.0006968291671628,6.888345043007938e-07,7.845830255821811e-07,0.0402769642800734,0.0646778886194185,0.0894694071764495,0.1194284780476936,7.855819916930517e-05,0.3712752234628748,-0.0009518311598625,-0.0038014105260785,12070.0,1.0,-0.0,-0.0833333333333333,-0.1666666666666666,-0.25,-0.3333333333333333,-0.4166666666666666,-0.5,-0.5833333333333333,100000,30,8,0.1,1.0,0.1,0,7,0.001,1e-06,0.01,1e-07,1.0,1e-08,adamax,0,0.0,ramp,0 days 00:02:06.599924,0.1028225704797553,2.1832627933504507,1.9972829767018936,-0.0035453780223059
56,56,56,53,0.0026312278506273,3.941601394449586e-05,0.0023115574320066,0.0002470456449644,7.004228041277872e-06,0.000590909564687,8.046658274483549e-05,0.0008670523810927,1.7237377146500424e-06,6.02186068661505e-07,0.0402767894459164,0.0646776270083471,0.0894698849588288,0.1194315380630377,7.394358863603134e-05,0.3712787878790271,-0.0007882249686394,-0.0038014105114833,10800.0,1.0,-0.0,-0.0833333333333333,-0.1666666666666666,-0.25,-0.3333333333333333,-0.4166666666666666,-0.5,-0.5833333333333333,100000,30,8,0.1,1.0,0.1,0,7,0.001,1e-06,0.01,1e-07,1.0,1e-08,adamax,0,0.0,ramp,0 days 00:02:06.599924,0.102822571806604,2.183259685920883,1.9972829804035204,-0.003545378022306
57,57,57,4,1.7861848754350924e-05,3.2673701876314607e-06,0.0001472110613329,5.258129210992038e-06,0.0002198390122441,5.158701090683608e-05,3.232190420775161e-06,9.136772911854846e-05,1.7625148294430408e-06,1.0237318243151965e-06,0.0402760574546793,0.064676624502376,0.0894693409079725,0.1194332644340574,6.928448874263578e-05,0.371277965093792,-0.0006484205125947,-0.0038014105000278,10774.0,1.0,-0.0,-0.0833333333333333,-0.1666666666666666,-0.25,-0.3333333333333333,-0.4166666666666666,-0.5,-0.5833333333333333,100000,30,8,0.1,1.0,0.1,0,7,0.001,1e-06,0.01,1e-07,1.0,1e-08,adamax,0,0.0,ramp,0 days 00:02:06.599924,0.1028225700524331,2.183259128851424,1.9972829755097548,-0.0035453780223059
58,58,58,72,2.830318765967168e-05,1.884375361965623e-05,2.437198223371259e-05,1.1032033012428578e-06,4.097856290867731e-06,0.0024334018662644,1.2811906506130715e-06,2.488259195760913e-06,1.1981726480298851e-06,9.207573472435232e-07,0.0402193916537787,0.0645848139457597,0.0893410775886339,0.119258651638195,7.433703409179132e-05,0.370740303543963,-0.0006906019559175,-0.0038014104929597,13878.0,1.0,-0.0,-0.0833333333333333,-0.1666666666666666,-0.25,-0.3333333333333333,-0.4166666666666666,-0.5,-0.5833333333333333,100000,30,8,0.1,1.0,0.1,0,7,0.001,1e-06,0.01,1e-07,1.0,1e-08,adamax,0,0.0,ramp,0 days 00:02:06.599924,0.1028225729828009,2.1833391932024364,1.9972829836848591,-0.003545378022306
59,59,59,89,0.0004097992426298,1.2739122319658294e-05,9.494319231779484e-05,0.0007033761868439,1.9551743276158764e-05,4.39822430297567e-06,0.0002896619707427,0.0006649593884624,1.4210413449349923e-06,6.690518818284105e-07,0.0402766075207585,0.0646773364706319,0.0894691729030016,0.1194296869238465,7.565680382016387e-05,0.3712752421003953,-0.0006905126696788,-0.0038014104912809,12801.0,1.0,-0.0,-0.0833333333333333,-0.1666666666666666,-0.25,-0.3333333333333333,-0.4166666666666666,-0.5,-0.5833333333333333,100000,30,8,0.1,1.0,0.1,0,7,0.001,1e-06,0.01,1e-07,1.0,1e-08,adamax,0,0.0,ramp,0 days 00:02:06.599924,0.1028225772484764,2.18326095531844,1.9972829955851872,-0.0035453780223062
60,60,60,91,0.0031298966957645,0.0042450188142342,1.003847662846843e-06,0.0003798205982996,0.0002420255462906,1.5012746894934538e-05,2.0420222387940417e-05,0.00522541966307,1.8865679708887268e-06,2.0010587590030965e-06,0.0402754013608675,0.0646759881256276,0.0894705101096779,0.1194407800334399,5.798754910713709e-05,0.3712863459533603,-0.000769321143301,-0.0038014104855974,11716.0,1.0,-0.0,-0.0833333333333333,-0.1666666666666666,-0.25,-0.3333333333333333,-0.4166666666666666,-0.5,-0.5833333333333333,100000,30,8,0.1,1.0,0.1,0,7,0.001,1e-06,0.01,1e-07,1.0,1e-08,adamax,0,0.0,ramp,0 days 00:02:06.599924,0.1028225757754105,2.1832562313999877,1.997282991475648,-0.0035453780223062
61,61,61,64,3.0440988786119616e-06,0.0001041865191964,3.72273152617032e-06,0.0005858968214464,0.0013473106312656,0.0006884253160367,2.981519022367388e-06,8.5629980871738e-06,6.697263355539148e-07,9.58207914975664e-07,0.0402768093407644,0.0646777247133429,0.0894692123593467,0.1194282910219485,7.842462106655554e-05,0.3712744317934111,-0.0007408045406043,-0.0038014104471602,12961.0,1.0,-0.0,-0.0833333333333333,-0.1666666666666666,-0.25,-0.3333333333333333,-0.4166666666666666,-0.5,-0.5833333333333333,100000,30,8,0.1,1.0,0.1,0,7,0.001,1e-06,0.01,1e-07,1.0,1e-08,adamax,0,0.0,ramp,0 days 00:02:06.599924,0.1028225760563879,2.1832627636195445,1.9972829922595157,-0.0035453780223062
62,62,62,88,2.6130105112655903e-05,5.236271948286902e-06,5.751774913157962e-06,0.000525505935607,0.000201294494119,2.405945313277089e-06,0.0010557491315607,6.50683623169029e-05,1.04134980484738e-06,7.026240769672363e-07,0.040219632450572,0.0645851086902063,0.0893406602953003,0.1192556801365351,7.893490857853167e-05,0.3707371083147169,-0.0006843716020584,-0.0038014104379233,12934.0,1.0,-0.0,-0.0833333333333333,-0.1666666666666666,-0.25,-0.3333333333333333,-0.4166666666666666,-0.5,-0.5833333333333333,100000,30,8,0.1,1.0,0.1,0,7,0.001,1e-06,0.01,1e-07,1.0,1e-08,adamax,0,0.0,ramp,0 days 00:02:06.599924,0.1028225703866271,2.1833404226579938,1.9972829764420847,-0.0035453780223059
63,63,63,45,6.686054721871684e-06,0.0031090055875604,0.0006289660409568,0.0010810795482505,4.843382714330554e-06,3.40799526833222e-06,1.4094794371324534e-05,8.021746980080956e-05,6.702264083713383e-07,8.424546417999947e-07,0.0402769476760848,0.0646779052121789,0.0894691375816628,0.1194272388829334,8.023562169525984e-05,0.3712735537328193,-0.0007590082042288,-0.0038014104212242,13265.0,1.0,-0.0,-0.0833333333333333,-0.1666666666666666,-0.25,-0.3333333333333333,-0.4166666666666666,-0.5,-0.5833333333333333,100000,30,8,0.1,1.0,0.1,0,7,0.001,1e-06,0.01,1e-07,1.0,1e-08,adamax,0,0.0,ramp,0 days 00:02:06.599924,0.1028225753618617,2.183263062923618,1.997282990321936,-0.0035453780223061
64,64,64,60,0.0024806107235263,4.202388057562365e-05,0.0013535900513959,1.464419933667246e-05,4.063759661803286e-05,0.0050648169105081,7.78922885011848e-06,0.0001964133155617,3.3983633755303385e-06,9.451639254876454e-07,0.0402757688915148,0.0646763055529718,0.0894701708535057,0.1194379975407776,6.239447765552532e-05,0.3712837538657155,-0.0008436849239099,-0.003801410346714,10211.0,1.0,-0.0,-0.0833333333333333,-0.1666666666666666,-0.25,-0.3333333333333333,-0.4166666666666666,-0.5,-0.5833333333333333,100000,30,8,0.1,1.0,0.1,0,7,0.001,1e-06,0.01,1e-07,1.0,1e-08,adamax,0,0.0,ramp,0 days 00:02:06.599924,0.1028225724492762,2.183253976076847,1.9972829821964384,-0.003545378022306
65,65,65,97,0.0011281290379532,1.4856294988257738e-06,6.726161610244898e-05,0.0020589519443387,1.2404019512765109e-05,0.0014945064274784,7.460241122661298e-05,1.435012910733131e-06,1.25793645280091e-06,4.64167262946342e-07,0.0402772030138769,0.064678231054268,0.0894692302659838,0.1194262844805022,8.228208868813615e-05,0.3712733707216736,-0.0007939231086366,-0.0038014103340956,13281.0,1.0,-0.0,-0.0833333333333333,-0.1666666666666666,-0.25,-0.3333333333333333,-0.4166666666666666,-0.5,-0.5833333333333333,100000,30,8,0.1,1.0,0.1,0,7,0.001,1e-06,0.01,1e-07,1.0,1e-08,adamax,0,0.0,ramp,0 days 00:02:06.599924,0.1028225769268779,2.183262038661629,1.9972829946879975,-0.0035453780223062
66,66,66,40,1.1823768068756837e-05,5.151861421570225e-05,2.134096663017748e-06,4.744792347496851e-06,0.0001640809804647,4.572009909524224e-06,2.944224166172359e-06,2.61587590740444e-05,1.3152379452971288e-06,1.790681712673789e-06,0.0402760467499474,0.0646769245287538,0.0894700953347852,0.1194352165093848,6.75155916340283e-05,0.3712815498867021,-0.0006356425697346,-0.0038014103239552,13005.0,1.0,-0.0,-0.0833333333333333,-0.1666666666666666,-0.25,-0.3333333333333333,-0.4166666666666666,-0.5,-0.5833333333333333,100000,30,8,0.1,1.0,0.1,0,7,0.001,1e-06,0.01,1e-07,1.0,1e-08,adamax,0,0.0,ramp,0 days 00:02:06.599924,0.1028225748381037,2.1832588701802464,1.9972829888607588,-0.0035453780223061
67,67,67,32,0.0002594443027103,0.0001980993045325,1.4596492528879069e-06,0.0077588631872761,0.0003997749157604,0.0005639253017623,0.0006709842494187,3.742294492985002e-05,8.434648098167169e-07,9.831401515530774e-07,0.0402196270669715,0.0645852342484516,0.0893405148494194,0.1192545134689671,8.080083401377327e-05,0.3707358565839605,-0.0009952010913289,-0.0038014102641855,12423.0,1.0,-0.0,-0.0833333333333333,-0.1666666666666666,-0.25,-0.3333333333333333,-0.4166666666666666,-0.5,-0.5833333333333333,100000,30,8,0.1,1.0,0.1,0,7,0.001,1e-06,0.01,1e-07,1.0,1e-08,adamax,0,0.0,ramp,0 days 00:02:06.599924,0.102822575741034,2.183340854795569,1.997282991379744,-0.0035453780223062
68,68,68,1,1.0628664668247784e-06,0.0002091537858024,0.0003735675249891,0.001621040563107,0.0009923149882283,1.1724332098673128e-05,4.6533242155569016e-06,0.0033217564124984,6.033805534711921e-07,1.3125587206104265e-06,0.0402767256053175,0.064677776273951,0.0894690980575025,0.1194275398568581,7.957924583094178e-05,0.3712735369623339,-0.0008059806139658,-0.0038014102264537,11070.0,1.0,-0.0,-0.0833333333333333,-0.1666666666666666,-0.25,-0.3333333333333333,-0.4166666666666666,-0.5,-0.5833333333333333,100000,30,8,0.1,1.0,0.1,0,7,0.001,1e-06,0.01,1e-07,1.0,1e-08,adamax,0,0.0,ramp,0 days 00:02:06.599924,0.1028225756155053,2.18326270276751,1.997282991029544,-0.0035453780223062
69,69,69,9,2.3750914758130424e-05,0.000475643001573,0.0002819801471358,6.037324225042949e-06,1.970440868548691e-06,2.974689110161603e-05,6.707962366750063e-05,9.904791846944237e-06,9.085800288627458e-07,1.0675059941032257e-06,0.0402766018443969,0.0646775063161367,0.089468498827022,0.1194260710741138,8.084405415592993e-05,0.371270685455734,-0.0006548952934001,-0.0038014101971687,13858.0,1.0,-0.0,-0.0833333333333333,-0.1666666666666666,-0.25,-0.3333333333333333,-0.4166666666666666,-0.5,-0.5833333333333333,100000,30,8,0.1,1.0,0.1,0,7,0.001,1e-06,0.01,1e-07,1.0,1e-08,adamax,0,0.0,ramp,0 days 00:02:06.599924,0.1028225772029097,2.183262633211901,1.9972829954580644,-0.0035453780223062
70,70,70,94,0.0005357155499169,2.07299562183708e-05,0.0056891863244163,0.002790815362855,0.0009387382646599,9.726375682719535e-06,1.089737632360897e-06,1.3093811728416325e-06,6.778443396805741e-07,4.0552337944215154e-07,0.0402202536310072,0.0645860104365654,0.0893398831004916,0.1192486788103851,9.030380150259631e-05,0.370730240102204,-0.0009735887781066,-0.00380141016587,14201.0,1.0,-0.0,-0.0833333333333333,-0.1666666666666666,-0.25,-0.3333333333333333,-0.4166666666666666,-0.5,-0.5833333333333333,100000,30,8,0.1,1.0,0.1,0,7,0.001,1e-06,0.01,1e-07,1.0,1e-08,adamax,0,0.0,ramp,0 days 00:02:06.599924,0.1028225730133208,2.183342980609809,1.997282983770002,-0.003545378022306
71,71,71,78,1.4642108447846772e-05,0.0005192514092703,0.0093323284285089,2.222269298046427e-06,0.0007281459631065,1.0217137434820405e-05,5.54383876736237e-06,0.0002461581145488,5.429436720841652e-07,6.443608787228073e-07,0.0402202831292602,0.064586156085206,0.089340214372454,0.1192494865829566,8.961602590743062e-05,0.3707318017421356,-0.0009353340715793,-0.0038014101162997,11274.0,1.0,-0.0,-0.0833333333333333,-0.1666666666666666,-0.25,-0.3333333333333333,-0.4166666666666666,-0.5,-0.5833333333333333,100000,30,8,0.1,1.0,0.1,0,7,0.001,1e-06,0.01,1e-07,1.0,1e-08,adamax,0,0.0,ramp,0 days 00:02:06.599924,0.1028225737285613,2.1833428196140194,1.9972829857653709,-0.0035453780223061
72,72,72,38,7.240600688942613e-05,4.384093940660362e-05,3.061219145854235e-05,6.306977308320198e-05,0.0002245484750817,0.0004977915377572,5.300556105399427e-05,2.210027344559583e-05,1.5154033727963222e-06,1.2535765469179813e-06,0.0402193575694579,0.0645850077555266,0.0893409209430653,0.1192570917176092,7.693197588111932e-05,0.370738800400321,-0.0006580945023347,-0.0038014100917611,12972.0,1.0,-0.0,-0.0833333333333333,-0.1666666666666666,-0.25,-0.3333333333333333,-0.4166666666666666,-0.5,-0.5833333333333333,100000,30,8,0.1,1.0,0.1,0,7,0.001,1e-06,0.01,1e-07,1.0,1e-08,adamax,0,0.0,ramp,0 days 00:02:06.599924,0.1028225714572258,2.183338288413238,1.9972829794288312,-0.003545378022306
73,73,73,30,0.0053269527112329,0.0001052533976238,3.573419451292726e-06,5.247573167466615e-06,7.976444356262023e-06,7.036707154043786e-06,0.0016942544784794,0.0003869176221038,2.0161180763027986e-06,1.4824339795385464e-06,0.0402759480818772,0.0646767481065506,0.0894691857371746,0.1194319914996364,7.133354911391909e-05,0.3712766224479808,-0.0006916090516341,-0.0038014100790448,13302.0,1.0,-0.0,-0.0833333333333333,-0.1666666666666666,-0.25,-0.3333333333333333,-0.4166666666666666,-0.5,-0.5833333333333333,100000,30,8,0.1,1.0,0.1,0,7,0.001,1e-06,0.01,1e-07,1.0,1e-08,adamax,0,0.0,ramp,0 days 00:02:06.599924,0.1028225719387841,2.18325821163857,1.997282980772275,-0.003545378022306
74,74,74,44,1.090989790356008e-06,5.402125251419521e-05,0.0002625078355742,4.720781950227699e-05,8.26631958844828e-05,3.85478976964127e-05,2.3844982177690816e-05,0.0050955024007266,1.0158376107866036e-06,1.4626164997605712e-06,0.0402193174187369,0.0645849937648824,0.0893405441215585,0.119255545829495,7.892524261103264e-05,0.3707365321372964,-0.0006819578653496,-0.0038014100462246,10737.0,1.0,-0.0,-0.0833333333333333,-0.1666666666666666,-0.25,-0.3333333333333333,-0.4166666666666666,-0.5,-0.5833333333333333,100000,30,8,0.1,1.0,0.1,0,7,0.001,1e-06,0.01,1e-07,1.0,1e-08,adamax,0,0.0,ramp,0 days 00:02:06.599924,0.102822573805218,2.18333973323578,1.997282985979227,-0.0035453780223061
75,75,75,21,0.0064638189912049,0.003623582515183,4.378599961064862e-05,6.628545223889854e-05,0.0002833294515948,0.0015943662774501,5.802012366087775e-05,4.5235712658274376e-05,1.5610954371288223e-06,1.4929199196674887e-06,0.0402761601553893,0.0646770630513533,0.0894689235070708,0.1194296050576958,7.521130486702004e-05,0.3712742537460665,-0.0007718963738169,-0.0038014100337439,12660.0,1.0,-0.0,-0.0833333333333333,-0.1666666666666666,-0.25,-0.3333333333333333,-0.4166666666666666,-0.5,-0.5833333333333333,100000,30,8,0.1,1.0,0.1,0,7,0.001,1e-06,0.01,1e-07,1.0,1e-08,adamax,0,0.0,ramp,0 days 00:02:06.599924,0.1028225753388649,2.183259817080328,1.9972829902577796,-0.0035453780223061
76,76,76,69,0.0003858409608054,0.0001934137907267,0.003010003288144,0.0020811288500631,0.0006623874219833,0.0001261903069455,1.446899394717098e-06,0.0001091073913002,1.5750475717779515e-06,1.0677322183296192e-06,0.040276631301786,0.0646776482296925,0.0894689032133912,0.1194271578787214,7.981124664486893e-05,0.3712727472582285,-0.0008893361173759,-0.0038014100330436,9050.0,1.0,-0.0,-0.0833333333333333,-0.1666666666666666,-0.25,-0.3333333333333333,-0.4166666666666666,-0.5,-0.5833333333333333,100000,30,8,0.1,1.0,0.1,0,7,0.001,1e-06,0.01,1e-07,1.0,1e-08,adamax,0,0.0,ramp,0 days 00:02:06.599924,0.1028225717783008,2.183260584318305,1.9972829803245604,-0.003545378022306
77,77,77,87,8.215070128181759e-05,5.547909914857251e-05,1.197994929726425e-05,0.0018411929544268,1.991410528055612e-06,1.827615348776121e-06,0.0089482957733958,8.216746082528603e-05,1.0571761855614735e-06,1.2421236363928964e-06,0.0402197465832926,0.0645856293644696,0.0893404923111393,0.1192527221094246,8.417641297547347e-05,0.3707346639813814,-0.0008511430336902,-0.0038014098975355,12228.0,1.0,-0.0,-0.0833333333333333,-0.1666666666666666,-0.25,-0.3333333333333333,-0.4166666666666666,-0.5,-0.5833333333333333,100000,30,8,0.1,1.0,0.1,0,7,0.001,1e-06,0.01,1e-07,1.0,1e-08,adamax,0,0.0,ramp,0 days 00:02:06.599924,0.1028225709727543,2.1833402732130995,1.997282978077256,-0.003545378022306
78,78,78,99,2.556264613500372e-05,0.0007097808883527,0.0004021582121474,1.124646405136984e-06,0.0001592303955608,0.001143046380546,5.394657098573442e-05,0.0005455313657113,1.55472925801642e-06,3.1857230188711333e-06,0.0402181930648441,0.0645839818114592,0.0893426311860216,0.1192684227735714,5.975719668623668e-05,0.3707511888031924,-0.0007031649975892,-0.0038014098827849,10664.0,1.0,-0.0,-0.0833333333333333,-0.1666666666666666,-0.25,-0.3333333333333333,-0.4166666666666666,-0.5,-0.5833333333333333,100000,30,8,0.1,1.0,0.1,0,7,0.001,1e-06,0.01,1e-07,1.0,1e-08,adamax,0,0.0,ramp,0 days 00:02:06.599924,0.1028225739373218,2.183333817086499,1.9972829863477692,-0.0035453780223061
79,79,79,86,0.0004211148614173,8.838864517352197e-05,0.0002639482136088,8.690609978495501e-05,2.4798846785382724e-05,0.0001783880334259,0.0002007785779609,0.000593067704418,1.7991646474512602e-06,1.0560147884045169e-06,0.0402198441190688,0.0645857866484948,0.0893410707089795,0.1192545165451718,8.222650292842296e-05,0.3707377717236558,-0.0006675279436608,-0.0038014098512555,12288.0,1.0,-0.0,-0.0833333333333333,-0.1666666666666666,-0.25,-0.3333333333333333,-0.4166666666666666,-0.5,-0.5833333333333333,100000,30,8,0.1,1.0,0.1,0,7,0.001,1e-06,0.01,1e-07,1.0,1e-08,adamax,0,0.0,ramp,0 days 00:02:06.599924,0.1028225715008638,2.183338053039202,1.9972829795505704,-0.003545378022306
80,80,80,47,0.000664208162232,3.256491233284757e-05,1.8562611499177203e-06,0.0079252680222153,2.4054780466151525e-06,1.4278391524611098e-06,0.0043720824203227,0.0097458088189929,1.193923464885533e-06,8.923919417728265e-07,0.0402770601050886,0.0646782748170153,0.0894682007549945,0.1194216024350145,8.86009482651567e-05,0.3712669971501073,-0.0010832273819001,-0.0038014098261944,11504.0,1.0,-0.0,-0.0833333333333333,-0.1666666666666666,-0.25,-0.3333333333333333,-0.4166666666666666,-0.5,-0.5833333333333333,100000,30,8,0.1,1.0,0.1,0,7,0.001,1e-06,0.01,1e-07,1.0,1e-08,adamax,0,0.0,ramp,0 days 00:02:06.599924,0.1028225708902371,2.1832628183124383,1.997282977847051,-0.003545378022306
81,81,81,22,5.131879706752076e-06,3.456633262941208e-06,9.54012772349041e-06,1.2450405422318365e-05,0.0002569688062668,2.3034724814045565e-05,0.0005623711701638,5.03065515779355e-05,1.1065410934617846e-06,8.90823201901363e-07,0.0402202902240672,0.0645863866741297,0.089340534169471,0.1192498175909696,8.981602752725326e-05,0.3707330780090246,-0.0006477318860288,-0.0038014097963187,13021.0,1.0,-0.0,-0.0833333333333333,-0.1666666666666666,-0.25,-0.3333333333333333,-0.4166666666666666,-0.5,-0.5833333333333333,100000,30,8,0.1,1.0,0.1,0,7,0.001,1e-06,0.01,1e-07,1.0,1e-08,adamax,0,0.0,ramp,0 days 00:02:06.599924,0.1028225701599057,2.183340905110465,1.9972829758095831,-0.0035453780223059
82,82,82,66,9.001387250493425e-05,1.5021123259784322e-06,0.0076867340694294,6.877626094570777e-05,0.0001294890484082,0.0078191504757591,1.0267732925418376e-06,0.0001844136508477,1.5120021457413422e-06,5.843838742802074e-07,0.0402486897739089,0.0646321421846426,0.0894038734877004,0.1193345252359991,9.051778916544535e-05,0.3709987180056348,-0.0010786409930707,-0.0038014097945416,7477.0,1.0,-0.0,-0.0833333333333333,-0.1666666666666666,-0.25,-0.3333333333333333,-0.4166666666666666,-0.5,-0.5833333333333333,100000,30,8,0.1,1.0,0.1,0,7,0.001,1e-06,0.01,1e-07,1.0,1e-08,adamax,0,0.0,ramp,0 days 00:02:06.599924,0.102822570014934,2.1833017789048705,1.9972829754051435,-0.0035453780223059
83,83,83,14,0.0008236063001688,0.0042007471614476,1.8218880132765043e-05,6.90682588298793e-05,0.000971718331864,1.4551563288999425e-06,0.000117487885212,0.0002851182463292,1.5244164254715258e-06,1.40112184648683e-06,0.0402194991049795,0.064585369559079,0.0893404412295114,0.1192535024423936,8.256648726407555e-05,0.370734979486893,-0.0007380713662025,-0.0038014097412257,12685.0,1.0,-0.0,-0.0833333333333333,-0.1666666666666666,-0.25,-0.3333333333333333,-0.4166666666666666,-0.5,-0.5833333333333333,100000,30,8,0.1,1.0,0.1,0,7,0.001,1e-06,0.01,1e-07,1.0,1e-08,adamax,0,0.0,ramp,0 days 00:02:06.599924,0.1028225717047544,2.183338801706117,1.9972829801193817,-0.003545378022306
84,84,84,39,0.0029382297019748,0.0029224340793109,0.000108617810304,2.8348748719953274e-06,1.47640892817332e-05,1.933802642750202e-06,0.0009990698758725,0.0012060751421708,1.6096256281832065e-06,1.660519753267141e-06,0.0402193221371609,0.0645852060525086,0.0893407244529763,0.1192553543248588,7.976501396029664e-05,0.3707370305233917,-0.000718766368738,-0.0038014097114907,12914.0,1.0,-0.0,-0.0833333333333333,-0.1666666666666666,-0.25,-0.3333333333333333,-0.4166666666666666,-0.5,-0.5833333333333333,100000,30,8,0.1,1.0,0.1,0,7,0.001,1e-06,0.01,1e-07,1.0,1e-08,adamax,0,0.0,ramp,0 days 00:02:06.599924,0.1028225731609549,2.183337924293166,1.9972829841818704,-0.0035453780223061
85,85,85,16,5.269639623636843e-05,2.550831749329849e-05,3.1427593484614086e-06,0.0003279386190181,6.466799118589923e-06,8.823566913588418e-05,0.006253185132621,9.04134036217006e-05,1.291783304077248e-06,1.063257139791647e-06,0.0402769532046483,0.0646782182301423,0.0894679243926291,0.1194206073841633,8.980147412315572e-05,0.37126544618288,-0.0007330083783053,-0.0038014096472596,12536.0,1.0,-0.0,-0.0833333333333333,-0.1666666666666666,-0.25,-0.3333333333333333,-0.4166666666666666,-0.5,-0.5833333333333333,100000,30,8,0.1,1.0,0.1,0,7,0.001,1e-06,0.01,1e-07,1.0,1e-08,adamax,0,0.0,ramp,0 days 00:02:06.599924,0.1028225700110075,2.183262633158847,1.9972829753941892,-0.0035453780223059
86,86,86,79,0.0022596875485548,0.0008925370546975,2.57253236774102e-06,1.249728564405972e-06,6.620526320931404e-06,9.815409681779508e-05,0.0008245246254271,1.572343976868543e-05,1.5929222750660157e-06,1.6807400772318817e-06,0.0402765101197688,0.0646778010513647,0.0894687176131538,0.1194256348329267,8.226537876955191e-05,0.3712711126561486,-0.0006774782423395,-0.0038014095867622,13280.0,1.0,-0.0,-0.0833333333333333,-0.1666666666666666,-0.25,-0.3333333333333333,-0.4166666666666666,-0.5,-0.5833333333333333,100000,30,8,0.1,1.0,0.1,0,7,0.001,1e-06,0.01,1e-07,1.0,1e-08,adamax,0,0.0,ramp,0 days 00:02:06.599924,0.1028225736452202,2.1832601591763536,1.9972829855328704,-0.0035453780223061
87,87,87,71,0.0008010145815663,0.0001441078742665,6.278386085641175e-05,6.568341083587758e-05,2.064274764533419e-06,5.534097839512443e-06,0.0001614895733813,6.122200570235813e-05,1.6216647691957477e-06,1.1342745357968314e-06,0.0402768010485735,0.0646780479994459,0.0894679377459694,0.1194213229597143,8.847668307858789e-05,0.3712659405610479,-0.0006499396265836,-0.0038014095676809,13640.0,1.0,-0.0,-0.0833333333333333,-0.1666666666666666,-0.25,-0.3333333333333333,-0.4166666666666666,-0.5,-0.5833333333333333,100000,30,8,0.1,1.0,0.1,0,7,0.001,1e-06,0.01,1e-07,1.0,1e-08,adamax,0,0.0,ramp,0 days 00:02:06.599924,0.1028225726438013,2.1832615974857768,1.997282982739124,-0.003545378022306
88,88,88,41,0.0001678983652979,6.109086687595119e-05,6.407830996517325e-06,2.243402167777533e-05,0.0001123564027296,0.0014343355826859,0.0016383581769509,0.0070762581196591,2.527825712861653e-06,1.520643280306434e-06,0.0402191896674173,0.0645850701531524,0.0893403934672015,0.1192544091179055,8.072695816341803e-05,0.3707354238925507,-0.0007350067417494,-0.0038014094448356,11552.0,1.0,-0.0,-0.0833333333333333,-0.1666666666666666,-0.25,-0.3333333333333333,-0.4166666666666666,-0.5,-0.5833333333333333,100000,30,8,0.1,1.0,0.1,0,7,0.001,1e-06,0.01,1e-07,1.0,1e-08,adamax,0,0.0,ramp,0 days 00:02:06.599924,0.1028225764889043,2.183335960863071,1.997282993466144,-0.0035453780223062
89,89,89,74,2.231042038677883e-05,3.7033689261626906e-06,0.0035688179442061,2.0737891012097395e-06,0.0021091171321899,0.0070639826734356,4.852162340169434e-05,0.0057348601415566,1.8814718062819376e-06,1.02286253366743e-06,0.0402484916237311,0.0646321560769668,0.0894038529544422,0.1193344580543464,9.053819791636328e-05,0.3709987427442383,-0.0010597783135828,-0.0038014094444909,6866.0,1.0,-0.0,-0.0833333333333333,-0.1666666666666666,-0.25,-0.3333333333333333,-0.4166666666666666,-0.5,-0.5833333333333333,100000,30,8,0.1,1.0,0.1,0,7,0.001,1e-06,0.01,1e-07,1.0,1e-08,adamax,0,0.0,ramp,0 days 00:02:06.599924,0.1028225734743194,2.183300310669268,1.997282985056092,-0.0035453780223061
90,90,90,0,5.038592148529598e-05,0.0002712735822068,2.839612288604065e-05,3.2995711176195075e-06,0.0022264367094616,1.0261395080250046e-06,5.8648011518156646e-05,0.0007171371594258,1.1265498468231916e-06,1.6570432736256127e-06,0.0402769007167459,0.0646784203347929,0.0894682299544948,0.1194210228143072,8.981141518868318e-05,0.3712666316124524,-0.0007348014792216,-0.0038014093869182,11803.0,1.0,-0.0,-0.0833333333333333,-0.1666666666666666,-0.25,-0.3333333333333333,-0.4166666666666666,-0.5,-0.5833333333333333,100000,30,8,0.1,1.0,0.1,0,7,0.001,1e-06,0.01,1e-07,1.0,1e-08,adamax,0,0.0,ramp,0 days 00:02:06.599924,0.1028225766652941,2.1832622307080234,1.9972829939582333,-0.0035453780223062
91,91,91,59,8.668267808733506e-05,0.0035250225877172,4.6011121958020645e-05,0.0007084242641636,0.0001671825255188,0.0002681090758537,2.9932330646857232e-06,7.228933442681504e-05,1.845622173044632e-06,3.359941712679288e-06,0.0402753599839741,0.0646767524050458,0.089469426580895,0.1194327575759332,7.056320736650661e-05,0.3712776278764677,-0.0007310173780593,-0.0038014091811505,10366.0,1.0,-0.0,-0.0833333333333333,-0.1666666666666666,-0.25,-0.3333333333333333,-0.4166666666666666,-0.5,-0.5833333333333333,100000,30,8,0.1,1.0,0.1,0,7,0.001,1e-06,0.01,1e-07,1.0,1e-08,adamax,0,0.0,ramp,0 days 00:02:06.599924,0.1028225714161745,2.18325641323083,1.9972829793143048,-0.003545378022306
92,92,92,5,0.0003296140583198,1.5771705637430267e-05,0.0001187143699327,3.403027863394178e-05,0.0001069065255617,0.0031421701410996,2.094137884776871e-05,0.0001804408112425,3.5174672880666087e-06,1.2939847854408205e-06,0.0402763880080582,0.0646777127483378,0.0894684138056682,0.1194245377920397,8.358371702390748e-05,0.3712696037663172,-0.0007251382955769,-0.0038014091105187,10775.0,1.0,-0.0,-0.0833333333333333,-0.1666666666666666,-0.25,-0.3333333333333333,-0.4166666666666666,-0.5,-0.5833333333333333,100000,30,8,0.1,1.0,0.1,0,7,0.001,1e-06,0.01,1e-07,1.0,1e-08,adamax,0,0.0,ramp,0 days 00:02:06.599924,0.102822575028258,2.183255866123385,1.9972829893912496,-0.0035453780223061
93,93,93,95,2.314168952145436e-06,0.0003646878569553,9.030845501055492e-06,0.0001837462102741,0.0001000104977592,4.419834437726424e-06,4.265396382421722e-05,0.0092780359890465,1.2882735952855152e-06,2.3797217946655586e-06,0.0402193354135635,0.0645856456707898,0.0893397083011976,0.119249079556004,8.91775860498068e-05,0.370729671166378,-0.0007046708789592,-0.00380140898429,11539.0,1.0,-0.0,-0.0833333333333333,-0.1666666666666666,-0.25,-0.3333333333333333,-0.4166666666666666,-0.5,-0.5833333333333333,100000,30,8,0.1,1.0,0.1,0,7,0.001,1e-06,0.01,1e-07,1.0,1e-08,adamax,0,0.0,ramp,0 days 00:02:06.599924,0.1028225719192726,2.183339274100863,1.9972829807178425,-0.003545378022306
94,94,94,92,0.0013342675506514,1.349874163502485e-06,6.843756989183601e-06,5.215031541739401e-05,4.869306365666936e-05,0.0001846833639362,0.0001683013938159,0.0040288178007975,5.388278651337985e-06,8.125189185515465e-07,0.0402766351812029,0.0646781525712469,0.0894690707232734,0.1194254259424056,8.356317233411273e-05,0.3712725353627792,-0.0006773582516516,-0.0038014087653041,11013.0,1.0,-0.0,-0.0833333333333333,-0.1666666666666666,-0.25,-0.3333333333333333,-0.4166666666666666,-0.5,-0.5833333333333333,100000,30,8,0.1,1.0,0.1,0,7,0.001,1e-06,0.01,1e-07,1.0,1e-08,adamax,0,0.0,ramp,0 days 00:02:06.599924,0.1028225749338331,2.183251134153487,1.9972829891278243,-0.0035453780223061
95,95,95,50,0.0002327384900492,0.0027098605876652,0.0008158086777663,8.371005819604762e-06,0.0009186900659875,4.837035989767021e-05,0.0001002495754145,0.0031363785132737,1.858296947357145e-06,2.8559202756536765e-06,0.0402190465403093,0.0645854901484739,0.0893400491414588,0.1192510637974818,8.62834879796723e-05,0.3707319981196778,-0.0007660014285045,-0.0038014086894696,10882.0,1.0,-0.0,-0.0833333333333333,-0.1666666666666666,-0.25,-0.3333333333333333,-0.4166666666666666,-0.5,-0.5833333333333333,100000,30,8,0.1,1.0,0.1,0,7,0.001,1e-06,0.01,1e-07,1.0,1e-08,adamax,0,0.0,ramp,0 days 00:02:06.599924,0.1028225752443294,2.1833368589309283,1.9972829899940443,-0.0035453780223061
96,96,96,68,0.008271185796456,8.589495423029019e-06,1.218211129999481e-06,4.2111197177884535e-06,0.0001436354395694,9.499379817003169e-05,2.224191579519848e-06,0.0086888836811605,1.1151263954338486e-05,3.1925192609648674e-06,0.0402726626588284,0.0646732798527864,0.089473697087291,0.1194645557764429,2.0924810251042108e-05,0.3713119950254318,-0.0007347516002516,-0.0038014086529418,9564.0,1.0,-0.0,-0.0833333333333333,-0.1666666666666666,-0.25,-0.3333333333333333,-0.4166666666666666,-0.5,-0.5833333333333333,100000,30,8,0.1,1.0,0.1,0,7,0.001,1e-06,0.01,1e-07,1.0,1e-08,adamax,0,0.0,ramp,0 days 00:02:06.599924,0.1028225712520549,2.1832263255012188,1.997282978856446,-0.003545378022306
97,97,97,63,0.0004170805140364,0.0001274236191811,0.000150590737684,0.0006105858445397,1.7995905673921292e-05,0.0001868666227193,4.128672509608424e-05,0.0069522498884656,4.077709566917977e-06,2.9643619054378586e-06,0.0402752993196779,0.0646768134706928,0.0894692152912199,0.1194314125087218,7.259068850367089e-05,0.3712763000777132,-0.0007280234212217,-0.0038014085771764,9837.0,1.0,-0.0,-0.0833333333333333,-0.1666666666666666,-0.25,-0.3333333333333333,-0.4166666666666666,-0.5,-0.5833333333333333,100000,30,8,0.1,1.0,0.1,0,7,0.001,1e-06,0.01,1e-07,1.0,1e-08,adamax,0,0.0,ramp,0 days 00:02:06.599924,0.102822575236775,2.183251324677695,1.9972829899729676,-0.0035453780223061
98,98,98,28,0.0001872244482807,0.0001234874515093,4.294611964821983e-05,3.362687027133696e-05,1.1683880831637624e-06,0.0002433447775995,1.3243833946282194e-06,2.1069962423117e-05,3.185840731894837e-06,4.20566265123587e-06,0.0402758140357681,0.0646782943998045,0.0894688946872199,0.1194238221821664,8.629010189469479e-05,0.3712703552644792,-0.0006428893378922,-0.0038014075525586,11214.0,1.0,-0.0,-0.0833333333333333,-0.1666666666666666,-0.25,-0.3333333333333333,-0.4166666666666666,-0.5,-0.5833333333333333,100000,30,8,0.1,1.0,0.1,0,7,0.001,1e-06,0.01,1e-07,1.0,1e-08,adamax,0,0.0,ramp,0 days 00:02:06.599924,0.1028225755089013,2.183253462835121,1.997282990732143,-0.0035453780223062
99,99,99,37,0.0002320894252588,0.0006336905265176,6.428983426734749e-05,0.0001025695254611,3.338622028927354e-05,1.1799093432079177e-05,3.4662101693100004e-06,0.0006427320520831,2.995953129197532e-06,5.7006607718015934e-06,0.0402175545329402,0.0645846760688015,0.0893405560271643,0.1192560830413793,7.811779695243761e-05,0.370736448589393,-0.0006572264042149,-0.0038014072164015,10846.0,1.0,-0.0,-0.0833333333333333,-0.1666666666666666,-0.25,-0.3333333333333333,-0.4166666666666666,-0.5,-0.5833333333333333,100000,30,8,0.1,1.0,0.1,0,7,0.001,1e-06,0.01,1e-07,1.0,1e-08,adamax,0,0.0,ramp,0 days 00:02:06.599924,0.1028225772349211,2.183329916171877,1.997282995547371,-0.0035453780223062
